{
  "relationships_blocked_users": [
    {
      "title": "b.anaiisss_",
      "string_list_data": [
        {
          "href": "https://www.instagram.com/_u/b.anaiisss_",
          "timestamp": 1738385401
        }
      ]
    },
    {
      "title": "v4letthh",
      "string_list_data": [
        {
          "href": "https://www.instagram.com/_u/v4letthh",
          "timestamp": 1736564356
        }
      ]
    },
    {
      "title": "_xx.wolf.star.night.xx_",
      "string_list_data": [
        {
          "href": "https://www.instagram.com/_u/_xx.wolf.star.night.xx_",
          "timestamp": 1723920045
        }
      ]
    }
  ]
}