{
  "relationships_close_friends": [
    {
      "title": "",
      "media_list_data": [
        
      ],
      "string_list_data": [
        {
          "href": "https://www.instagram.com/imartii.u",
          "value": "imartii.u",
          "timestamp": 1740789578
        }
      ]
    },
    {
      "title": "",
      "media_list_data": [
        
      ],
      "string_list_data": [
        {
          "href": "https://www.instagram.com/ioranamar",
          "value": "ioranamar",
          "timestamp": 1734310729
        }
      ]
    }
  ]
}