[
  {
    "title": "",
    "media_list_data": [
      
    ],
    "string_list_data": [
      {
        "href": "https://www.instagram.com/_.xoxo.sofi_",
        "value": "_.xoxo.sofi_",
        "timestamp": 1741043519
      }
    ]
  },
  {
    "title": "",
    "media_list_data": [
      
    ],
    "string_list_data": [
      {
        "href": "https://www.instagram.com/00abelen__",
        "value": "00abelen__",
        "timestamp": 1741041893
      }
    ]
  },
  {
    "title": "",
    "media_list_data": [
      
    ],
    "string_list_data": [
      {
        "href": "https://www.instagram.com/agujetitas",
        "value": "agujetitas",
        "timestamp": 1740951213
      }
    ]
  },
  {
    "title": "",
    "media_list_data": [
      
    ],
    "string_list_data": [
      {
        "href": "https://www.instagram.com/fernanndv.v",
        "value": "fernanndv.v",
        "timestamp": 1740937610
      }
    ]
  },
  {
    "title": "",
    "media_list_data": [
      
    ],
    "string_list_data": [
      {
        "href": "https://www.instagram.com/natalyclpz",
        "value": "natalyclpz",
        "timestamp": 1740880299
      }
    ]
  },
  {
    "title": "",
    "media_list_data": [
      
    ],
    "string_list_data": [
      {
        "href": "https://www.instagram.com/imartii.u",
        "value": "imartii.u",
        "timestamp": 1740789585
      }
    ]
  },
  {
    "title": "",
    "media_list_data": [
      
    ],
    "string_list_data": [
      {
        "href": "https://www.instagram.com/yolaemiiii",
        "value": "yolaemiiii",
        "timestamp": 1740619902
      }
    ]
  },
  {
    "title": "",
    "media_list_data": [
      
    ],
    "string_list_data": [
      {
        "href": "https://www.instagram.com/arivlop_",
        "value": "arivlop_",
        "timestamp": 1740391554
      }
    ]
  },
  {
    "title": "",
    "media_list_data": [
      
    ],
    "string_list_data": [
      {
        "href": "https://www.instagram.com/fran.prdes",
        "value": "fran.prdes",
        "timestamp": 1740285456
      }
    ]
  },
  {
    "title": "",
    "media_list_data": [
      
    ],
    "string_list_data": [
      {
        "href": "https://www.instagram.com/alebelenn",
        "value": "alebelenn",
        "timestamp": 1740267566
      }
    ]
  },
  {
    "title": "",
    "media_list_data": [
      
    ],
    "string_list_data": [
      {
        "href": "https://www.instagram.com/zuelectro_",
        "value": "zuelectro_",
        "timestamp": 1739944494
      }
    ]
  },
  {
    "title": "",
    "media_list_data": [
      
    ],
    "string_list_data": [
      {
        "href": "https://www.instagram.com/screamsuixide",
        "value": "screamsuixide",
        "timestamp": 1739293765
      }
    ]
  },
  {
    "title": "",
    "media_list_data": [
      
    ],
    "string_list_data": [
      {
        "href": "https://www.instagram.com/coni._.fndz",
        "value": "coni._.fndz",
        "timestamp": 1738469837
      }
    ]
  },
  {
    "title": "",
    "media_list_data": [
      
    ],
    "string_list_data": [
      {
        "href": "https://www.instagram.com/muni.litueche",
        "value": "muni.litueche",
        "timestamp": 1738273227
      }
    ]
  },
  {
    "title": "",
    "media_list_data": [
      
    ],
    "string_list_data": [
      {
        "href": "https://www.instagram.com/teffnny_",
        "value": "teffnny_",
        "timestamp": 1738025148
      }
    ]
  },
  {
    "title": "",
    "media_list_data": [
      
    ],
    "string_list_data": [
      {
        "href": "https://www.instagram.com/ayluszymczak",
        "value": "ayluszymczak",
        "timestamp": 1737904189
      }
    ]
  },
  {
    "title": "",
    "media_list_data": [
      
    ],
    "string_list_data": [
      {
        "href": "https://www.instagram.com/jorge_lisb0a",
        "value": "jorge_lisb0a",
        "timestamp": 1737661629
      }
    ]
  },
  {
    "title": "",
    "media_list_data": [
      
    ],
    "string_list_data": [
      {
        "href": "https://www.instagram.com/tofi_yq",
        "value": "tofi_yq",
        "timestamp": 1737503168
      }
    ]
  },
  {
    "title": "",
    "media_list_data": [
      
    ],
    "string_list_data": [
      {
        "href": "https://www.instagram.com/angiiee_rm",
        "value": "angiiee_rm",
        "timestamp": 1737247356
      }
    ]
  },
  {
    "title": "",
    "media_list_data": [
      
    ],
    "string_list_data": [
      {
        "href": "https://www.instagram.com/j.aracely_",
        "value": "j.aracely_",
        "timestamp": 1737165589
      }
    ]
  },
  {
    "title": "",
    "media_list_data": [
      
    ],
    "string_list_data": [
      {
        "href": "https://www.instagram.com/roberto_rodri2021",
        "value": "roberto_rodri2021",
        "timestamp": 1737076375
      }
    ]
  },
  {
    "title": "",
    "media_list_data": [
      
    ],
    "string_list_data": [
      {
        "href": "https://www.instagram.com/keysitaa07",
        "value": "keysitaa07",
        "timestamp": 1737041604
      }
    ]
  },
  {
    "title": "",
    "media_list_data": [
      
    ],
    "string_list_data": [
      {
        "href": "https://www.instagram.com/marti.machuca.c",
        "value": "marti.machuca.c",
        "timestamp": 1736814731
      }
    ]
  },
  {
    "title": "",
    "media_list_data": [
      
    ],
    "string_list_data": [
      {
        "href": "https://www.instagram.com/hollandtonka",
        "value": "hollandtonka",
        "timestamp": 1736564801
      }
    ]
  },
  {
    "title": "",
    "media_list_data": [
      
    ],
    "string_list_data": [
      {
        "href": "https://www.instagram.com/dnla._._",
        "value": "dnla._._",
        "timestamp": 1736562939
      }
    ]
  },
  {
    "title": "",
    "media_list_data": [
      
    ],
    "string_list_data": [
      {
        "href": "https://www.instagram.com/elviejoartesano",
        "value": "elviejoartesano",
        "timestamp": 1735961375
      }
    ]
  },
  {
    "title": "",
    "media_list_data": [
      
    ],
    "string_list_data": [
      {
        "href": "https://www.instagram.com/_.black._.flower_x",
        "value": "_.black._.flower_x",
        "timestamp": 1735785727
      }
    ]
  },
  {
    "title": "",
    "media_list_data": [
      
    ],
    "string_list_data": [
      {
        "href": "https://www.instagram.com/knnibu",
        "value": "knnibu",
        "timestamp": 1735701819
      }
    ]
  },
  {
    "title": "",
    "media_list_data": [
      
    ],
    "string_list_data": [
      {
        "href": "https://www.instagram.com/basurapichilemu",
        "value": "basurapichilemu",
        "timestamp": 1735498312
      }
    ]
  },
  {
    "title": "",
    "media_list_data": [
      
    ],
    "string_list_data": [
      {
        "href": "https://www.instagram.com/shelby_.2.0._",
        "value": "shelby_.2.0._",
        "timestamp": 1734643880
      }
    ]
  },
  {
    "title": "",
    "media_list_data": [
      
    ],
    "string_list_data": [
      {
        "href": "https://www.instagram.com/wareternaal",
        "value": "wareternaal",
        "timestamp": 1734486122
      }
    ]
  },
  {
    "title": "",
    "media_list_data": [
      
    ],
    "string_list_data": [
      {
        "href": "https://www.instagram.com/antenazos.s",
        "value": "antenazos.s",
        "timestamp": 1734479163
      }
    ]
  },
  {
    "title": "",
    "media_list_data": [
      
    ],
    "string_list_data": [
      {
        "href": "https://www.instagram.com/danielmatusmma",
        "value": "danielmatusmma",
        "timestamp": 1734471790
      }
    ]
  },
  {
    "title": "",
    "media_list_data": [
      
    ],
    "string_list_data": [
      {
        "href": "https://www.instagram.com/slowmotionstyle",
        "value": "slowmotionstyle",
        "timestamp": 1734032932
      }
    ]
  },
  {
    "title": "",
    "media_list_data": [
      
    ],
    "string_list_data": [
      {
        "href": "https://www.instagram.com/mvrtinez.svvage14",
        "value": "mvrtinez.svvage14",
        "timestamp": 1734030127
      }
    ]
  },
  {
    "title": "",
    "media_list_data": [
      
    ],
    "string_list_data": [
      {
        "href": "https://www.instagram.com/contreras_contreras00",
        "value": "contreras_contreras00",
        "timestamp": 1733972086
      }
    ]
  },
  {
    "title": "",
    "media_list_data": [
      
    ],
    "string_list_data": [
      {
        "href": "https://www.instagram.com/tokkioboss",
        "value": "tokkioboss",
        "timestamp": 1733909058
      }
    ]
  },
  {
    "title": "",
    "media_list_data": [
      
    ],
    "string_list_data": [
      {
        "href": "https://www.instagram.com/898.lilii",
        "value": "898.lilii",
        "timestamp": 1733884748
      }
    ]
  },
  {
    "title": "",
    "media_list_data": [
      
    ],
    "string_list_data": [
      {
        "href": "https://www.instagram.com/salazar_xcv",
        "value": "salazar_xcv",
        "timestamp": 1733857847
      }
    ]
  },
  {
    "title": "",
    "media_list_data": [
      
    ],
    "string_list_data": [
      {
        "href": "https://www.instagram.com/21mvr.tinn",
        "value": "21mvr.tinn",
        "timestamp": 1733760233
      }
    ]
  },
  {
    "title": "",
    "media_list_data": [
      
    ],
    "string_list_data": [
      {
        "href": "https://www.instagram.com/16florvncia._",
        "value": "16florvncia._",
        "timestamp": 1733675913
      }
    ]
  },
  {
    "title": "",
    "media_list_data": [
      
    ],
    "string_list_data": [
      {
        "href": "https://www.instagram.com/osvaldo.brutus",
        "value": "osvaldo.brutus",
        "timestamp": 1733641120
      }
    ]
  },
  {
    "title": "",
    "media_list_data": [
      
    ],
    "string_list_data": [
      {
        "href": "https://www.instagram.com/bvel.hl",
        "value": "bvel.hl",
        "timestamp": 1733602387
      }
    ]
  },
  {
    "title": "",
    "media_list_data": [
      
    ],
    "string_list_data": [
      {
        "href": "https://www.instagram.com/kichi_chi_",
        "value": "kichi_chi_",
        "timestamp": 1733451110
      }
    ]
  },
  {
    "title": "",
    "media_list_data": [
      
    ],
    "string_list_data": [
      {
        "href": "https://www.instagram.com/popurri_combate",
        "value": "popurri_combate",
        "timestamp": 1733252073
      }
    ]
  },
  {
    "title": "",
    "media_list_data": [
      
    ],
    "string_list_data": [
      {
        "href": "https://www.instagram.com/but_antonia_",
        "value": "but_antonia_",
        "timestamp": 1733160878
      }
    ]
  },
  {
    "title": "",
    "media_list_data": [
      
    ],
    "string_list_data": [
      {
        "href": "https://www.instagram.com/dogslife_cl",
        "value": "dogslife_cl",
        "timestamp": 1732498502
      }
    ]
  },
  {
    "title": "",
    "media_list_data": [
      
    ],
    "string_list_data": [
      {
        "href": "https://www.instagram.com/martinabelencabreraorellana",
        "value": "martinabelencabreraorellana",
        "timestamp": 1732406436
      }
    ]
  },
  {
    "title": "",
    "media_list_data": [
      
    ],
    "string_list_data": [
      {
        "href": "https://www.instagram.com/carlaa_morales",
        "value": "carlaa_morales",
        "timestamp": 1732401773
      }
    ]
  },
  {
    "title": "",
    "media_list_data": [
      
    ],
    "string_list_data": [
      {
        "href": "https://www.instagram.com/atomic6t9",
        "value": "atomic6t9",
        "timestamp": 1732377347
      }
    ]
  },
  {
    "title": "",
    "media_list_data": [
      
    ],
    "string_list_data": [
      {
        "href": "https://www.instagram.com/_increase.5k.fans._5286",
        "value": "_increase.5k.fans._5286",
        "timestamp": 1732377322
      }
    ]
  },
  {
    "title": "",
    "media_list_data": [
      
    ],
    "string_list_data": [
      {
        "href": "https://www.instagram.com/liuvzy",
        "value": "liuvzy",
        "timestamp": 1732207885
      }
    ]
  },
  {
    "title": "",
    "media_list_data": [
      
    ],
    "string_list_data": [
      {
        "href": "https://www.instagram.com/vvalee_paaz",
        "value": "vvalee_paaz",
        "timestamp": 1732110170
      }
    ]
  },
  {
    "title": "",
    "media_list_data": [
      
    ],
    "string_list_data": [
      {
        "href": "https://www.instagram.com/fer_vale77",
        "value": "fer_vale77",
        "timestamp": 1732061235
      }
    ]
  },
  {
    "title": "",
    "media_list_data": [
      
    ],
    "string_list_data": [
      {
        "href": "https://www.instagram.com/_z4miii_",
        "value": "_z4miii_",
        "timestamp": 1732049073
      }
    ]
  },
  {
    "title": "",
    "media_list_data": [
      
    ],
    "string_list_data": [
      {
        "href": "https://www.instagram.com/_.valemnsoou_",
        "value": "_.valemnsoou_",
        "timestamp": 1731938470
      }
    ]
  },
  {
    "title": "",
    "media_list_data": [
      
    ],
    "string_list_data": [
      {
        "href": "https://www.instagram.com/ioranamar",
        "value": "ioranamar",
        "timestamp": 1731604041
      }
    ]
  },
  {
    "title": "",
    "media_list_data": [
      
    ],
    "string_list_data": [
      {
        "href": "https://www.instagram.com/bewellnesss_",
        "value": "bewellnesss_",
        "timestamp": 1731461125
      }
    ]
  },
  {
    "title": "",
    "media_list_data": [
      
    ],
    "string_list_data": [
      {
        "href": "https://www.instagram.com/s.antonellv",
        "value": "s.antonellv",
        "timestamp": 1731427139
      }
    ]
  },
  {
    "title": "",
    "media_list_data": [
      
    ],
    "string_list_data": [
      {
        "href": "https://www.instagram.com/caro0_67",
        "value": "caro0_67",
        "timestamp": 1731408525
      }
    ]
  },
  {
    "title": "",
    "media_list_data": [
      
    ],
    "string_list_data": [
      {
        "href": "https://www.instagram.com/catalina__2410",
        "value": "catalina__2410",
        "timestamp": 1731298766
      }
    ]
  },
  {
    "title": "",
    "media_list_data": [
      
    ],
    "string_list_data": [
      {
        "href": "https://www.instagram.com/lissrubio21",
        "value": "lissrubio21",
        "timestamp": 1731258952
      }
    ]
  },
  {
    "title": "",
    "media_list_data": [
      
    ],
    "string_list_data": [
      {
        "href": "https://www.instagram.com/mojitos_rabellos",
        "value": "mojitos_rabellos",
        "timestamp": 1731188042
      }
    ]
  },
  {
    "title": "",
    "media_list_data": [
      
    ],
    "string_list_data": [
      {
        "href": "https://www.instagram.com/pf_harold_calistenia",
        "value": "pf_harold_calistenia",
        "timestamp": 1730482009
      }
    ]
  },
  {
    "title": "",
    "media_list_data": [
      
    ],
    "string_list_data": [
      {
        "href": "https://www.instagram.com/_koti.paz_",
        "value": "_koti.paz_",
        "timestamp": 1729871373
      }
    ]
  },
  {
    "title": "",
    "media_list_data": [
      
    ],
    "string_list_data": [
      {
        "href": "https://www.instagram.com/_nunee_xz",
        "value": "_nunee_xz",
        "timestamp": 1729460258
      }
    ]
  },
  {
    "title": "",
    "media_list_data": [
      
    ],
    "string_list_data": [
      {
        "href": "https://www.instagram.com/luis_ksike_cortez",
        "value": "luis_ksike_cortez",
        "timestamp": 1729454636
      }
    ]
  },
  {
    "title": "",
    "media_list_data": [
      
    ],
    "string_list_data": [
      {
        "href": "https://www.instagram.com/distincionmaxima",
        "value": "distincionmaxima",
        "timestamp": 1729142526
      }
    ]
  },
  {
    "title": "",
    "media_list_data": [
      
    ],
    "string_list_data": [
      {
        "href": "https://www.instagram.com/goldenrunners_ph",
        "value": "goldenrunners_ph",
        "timestamp": 1728954581
      }
    ]
  },
  {
    "title": "",
    "media_list_data": [
      
    ],
    "string_list_data": [
      {
        "href": "https://www.instagram.com/matiss.s3vas",
        "value": "matiss.s3vas",
        "timestamp": 1728953107
      }
    ]
  },
  {
    "title": "",
    "media_list_data": [
      
    ],
    "string_list_data": [
      {
        "href": "https://www.instagram.com/gimnasio__strike",
        "value": "gimnasio__strike",
        "timestamp": 1728749872
      }
    ]
  },
  {
    "title": "",
    "media_list_data": [
      
    ],
    "string_list_data": [
      {
        "href": "https://www.instagram.com/boss.s_drinks",
        "value": "boss.s_drinks",
        "timestamp": 1728689052
      }
    ]
  },
  {
    "title": "",
    "media_list_data": [
      
    ],
    "string_list_data": [
      {
        "href": "https://www.instagram.com/elitemind_agency",
        "value": "elitemind_agency",
        "timestamp": 1728676410
      }
    ]
  },
  {
    "title": "",
    "media_list_data": [
      
    ],
    "string_list_data": [
      {
        "href": "https://www.instagram.com/craneocontraconcreto",
        "value": "craneocontraconcreto",
        "timestamp": 1728653977
      }
    ]
  },
  {
    "title": "",
    "media_list_data": [
      
    ],
    "string_list_data": [
      {
        "href": "https://www.instagram.com/_.rizytos._",
        "value": "_.rizytos._",
        "timestamp": 1728606527
      }
    ]
  },
  {
    "title": "",
    "media_list_data": [
      
    ],
    "string_list_data": [
      {
        "href": "https://www.instagram.com/isabelsb.b",
        "value": "isabelsb.b",
        "timestamp": 1728501902
      }
    ]
  },
  {
    "title": "",
    "media_list_data": [
      
    ],
    "string_list_data": [
      {
        "href": "https://www.instagram.com/adrenalina_series",
        "value": "adrenalina_series",
        "timestamp": 1728428494
      }
    ]
  },
  {
    "title": "",
    "media_list_data": [
      
    ],
    "string_list_data": [
      {
        "href": "https://www.instagram.com/mariossocl_stream",
        "value": "mariossocl_stream",
        "timestamp": 1728360876
      }
    ]
  },
  {
    "title": "",
    "media_list_data": [
      
    ],
    "string_list_data": [
      {
        "href": "https://www.instagram.com/analisboamaldonado1345",
        "value": "analisboamaldonado1345",
        "timestamp": 1728340821
      }
    ]
  },
  {
    "title": "",
    "media_list_data": [
      
    ],
    "string_list_data": [
      {
        "href": "https://www.instagram.com/uss.match",
        "value": "uss.match",
        "timestamp": 1728174782
      }
    ]
  },
  {
    "title": "",
    "media_list_data": [
      
    ],
    "string_list_data": [
      {
        "href": "https://www.instagram.com/_dsttopia",
        "value": "_dsttopia",
        "timestamp": 1726599519
      }
    ]
  },
  {
    "title": "",
    "media_list_data": [
      
    ],
    "string_list_data": [
      {
        "href": "https://www.instagram.com/lasexta_cumbia",
        "value": "lasexta_cumbia",
        "timestamp": 1726024696
      }
    ]
  },
  {
    "title": "",
    "media_list_data": [
      
    ],
    "string_list_data": [
      {
        "href": "https://www.instagram.com/javiierappriv",
        "value": "javiierappriv",
        "timestamp": 1725889829
      }
    ]
  },
  {
    "title": "",
    "media_list_data": [
      
    ],
    "string_list_data": [
      {
        "href": "https://www.instagram.com/carlaa._bdh",
        "value": "carlaa._bdh",
        "timestamp": 1725847795
      }
    ]
  },
  {
    "title": "",
    "media_list_data": [
      
    ],
    "string_list_data": [
      {
        "href": "https://www.instagram.com/ai_artistry__hub",
        "value": "ai_artistry__hub",
        "timestamp": 1725001098
      }
    ]
  },
  {
    "title": "",
    "media_list_data": [
      
    ],
    "string_list_data": [
      {
        "href": "https://www.instagram.com/valentinaaamara",
        "value": "valentinaaamara",
        "timestamp": 1724991087
      }
    ]
  },
  {
    "title": "",
    "media_list_data": [
      
    ],
    "string_list_data": [
      {
        "href": "https://www.instagram.com/moii_fc",
        "value": "moii_fc",
        "timestamp": 1724979865
      }
    ]
  },
  {
    "title": "",
    "media_list_data": [
      
    ],
    "string_list_data": [
      {
        "href": "https://www.instagram.com/lhy_eden",
        "value": "lhy_eden",
        "timestamp": 1724895051
      }
    ]
  },
  {
    "title": "",
    "media_list_data": [
      
    ],
    "string_list_data": [
      {
        "href": "https://www.instagram.com/djsidhk",
        "value": "djsidhk",
        "timestamp": 1724629289
      }
    ]
  },
  {
    "title": "",
    "media_list_data": [
      
    ],
    "string_list_data": [
      {
        "href": "https://www.instagram.com/_.vvxtvrv4._",
        "value": "_.vvxtvrv4._",
        "timestamp": 1724607638
      }
    ]
  },
  {
    "title": "",
    "media_list_data": [
      
    ],
    "string_list_data": [
      {
        "href": "https://www.instagram.com/sergiox_2004",
        "value": "sergiox_2004",
        "timestamp": 1724339004
      }
    ]
  },
  {
    "title": "",
    "media_list_data": [
      
    ],
    "string_list_data": [
      {
        "href": "https://www.instagram.com/rosaslinz",
        "value": "rosaslinz",
        "timestamp": 1723508534
      }
    ]
  },
  {
    "title": "",
    "media_list_data": [
      
    ],
    "string_list_data": [
      {
        "href": "https://www.instagram.com/heil.the.sun",
        "value": "heil.the.sun",
        "timestamp": 1723502018
      }
    ]
  },
  {
    "title": "",
    "media_list_data": [
      
    ],
    "string_list_data": [
      {
        "href": "https://www.instagram.com/maddy_anto_._",
        "value": "maddy_anto_._",
        "timestamp": 1722820947
      }
    ]
  },
  {
    "title": "",
    "media_list_data": [
      
    ],
    "string_list_data": [
      {
        "href": "https://www.instagram.com/4un_don_nadie7",
        "value": "4un_don_nadie7",
        "timestamp": 1721951833
      }
    ]
  },
  {
    "title": "",
    "media_list_data": [
      
    ],
    "string_list_data": [
      {
        "href": "https://www.instagram.com/_constanza_anianette",
        "value": "_constanza_anianette",
        "timestamp": 1721429218
      }
    ]
  },
  {
    "title": "",
    "media_list_data": [
      
    ],
    "string_list_data": [
      {
        "href": "https://www.instagram.com/ywlkclzz",
        "value": "ywlkclzz",
        "timestamp": 1721155384
      }
    ]
  },
  {
    "title": "",
    "media_list_data": [
      
    ],
    "string_list_data": [
      {
        "href": "https://www.instagram.com/seiishuu_",
        "value": "seiishuu_",
        "timestamp": 1721109382
      }
    ]
  },
  {
    "title": "",
    "media_list_data": [
      
    ],
    "string_list_data": [
      {
        "href": "https://www.instagram.com/tiendacalina",
        "value": "tiendacalina",
        "timestamp": 1720046449
      }
    ]
  },
  {
    "title": "",
    "media_list_data": [
      
    ],
    "string_list_data": [
      {
        "href": "https://www.instagram.com/iza.rte",
        "value": "iza.rte",
        "timestamp": 1719970276
      }
    ]
  },
  {
    "title": "",
    "media_list_data": [
      
    ],
    "string_list_data": [
      {
        "href": "https://www.instagram.com/fonocopetestgodely",
        "value": "fonocopetestgodely",
        "timestamp": 1718948645
      }
    ]
  },
  {
    "title": "",
    "media_list_data": [
      
    ],
    "string_list_data": [
      {
        "href": "https://www.instagram.com/priv.martinnn",
        "value": "priv.martinnn",
        "timestamp": 1718772225
      }
    ]
  },
  {
    "title": "",
    "media_list_data": [
      
    ],
    "string_list_data": [
      {
        "href": "https://www.instagram.com/borre_cuentaaajjdjdnebwhhsjfjf",
        "value": "borre_cuentaaajjdjdnebwhhsjfjf",
        "timestamp": 1718752007
      }
    ]
  },
  {
    "title": "",
    "media_list_data": [
      
    ],
    "string_list_data": [
      {
        "href": "https://www.instagram.com/tiger_qiz_r5umt",
        "value": "tiger_qiz_r5umt",
        "timestamp": 1718574483
      }
    ]
  },
  {
    "title": "",
    "media_list_data": [
      
    ],
    "string_list_data": [
      {
        "href": "https://www.instagram.com/fraanspinelli",
        "value": "fraanspinelli",
        "timestamp": 1718243309
      }
    ]
  },
  {
    "title": "",
    "media_list_data": [
      
    ],
    "string_list_data": [
      {
        "href": "https://www.instagram.com/jaaavviii_v",
        "value": "jaaavviii_v",
        "timestamp": 1717551999
      }
    ]
  },
  {
    "title": "",
    "media_list_data": [
      
    ],
    "string_list_data": [
      {
        "href": "https://www.instagram.com/illo_.caldillo",
        "value": "illo_.caldillo",
        "timestamp": 1717181148
      }
    ]
  },
  {
    "title": "",
    "media_list_data": [
      
    ],
    "string_list_data": [
      {
        "href": "https://www.instagram.com/diiego_sotoc",
        "value": "diiego_sotoc",
        "timestamp": 1716853970
      }
    ]
  },
  {
    "title": "",
    "media_list_data": [
      
    ],
    "string_list_data": [
      {
        "href": "https://www.instagram.com/_meryyt",
        "value": "_meryyt",
        "timestamp": 1716791122
      }
    ]
  },
  {
    "title": "",
    "media_list_data": [
      
    ],
    "string_list_data": [
      {
        "href": "https://www.instagram.com/mcarrenog_",
        "value": "mcarrenog_",
        "timestamp": 1716518928
      }
    ]
  },
  {
    "title": "",
    "media_list_data": [
      
    ],
    "string_list_data": [
      {
        "href": "https://www.instagram.com/19.agus_gnlz",
        "value": "19.agus_gnlz",
        "timestamp": 1716492819
      }
    ]
  },
  {
    "title": "",
    "media_list_data": [
      
    ],
    "string_list_data": [
      {
        "href": "https://www.instagram.com/glow_slob",
        "value": "glow_slob",
        "timestamp": 1716328607
      }
    ]
  },
  {
    "title": "",
    "media_list_data": [
      
    ],
    "string_list_data": [
      {
        "href": "https://www.instagram.com/19_antonio_labb",
        "value": "19_antonio_labb",
        "timestamp": 1716275629
      }
    ]
  },
  {
    "title": "",
    "media_list_data": [
      
    ],
    "string_list_data": [
      {
        "href": "https://www.instagram.com/maty__acevedo",
        "value": "maty__acevedo",
        "timestamp": 1716251102
      }
    ]
  },
  {
    "title": "",
    "media_list_data": [
      
    ],
    "string_list_data": [
      {
        "href": "https://www.instagram.com/jo_coti",
        "value": "jo_coti",
        "timestamp": 1716218191
      }
    ]
  },
  {
    "title": "",
    "media_list_data": [
      
    ],
    "string_list_data": [
      {
        "href": "https://www.instagram.com/alxjxndrx20",
        "value": "alxjxndrx20",
        "timestamp": 1715977191
      }
    ]
  },
  {
    "title": "",
    "media_list_data": [
      
    ],
    "string_list_data": [
      {
        "href": "https://www.instagram.com/hongoktm",
        "value": "hongoktm",
        "timestamp": 1715657463
      }
    ]
  },
  {
    "title": "",
    "media_list_data": [
      
    ],
    "string_list_data": [
      {
        "href": "https://www.instagram.com/la_antopo_",
        "value": "la_antopo_",
        "timestamp": 1715550937
      }
    ]
  },
  {
    "title": "",
    "media_list_data": [
      
    ],
    "string_list_data": [
      {
        "href": "https://www.instagram.com/_.xclipze._",
        "value": "_.xclipze._",
        "timestamp": 1715547350
      }
    ]
  },
  {
    "title": "",
    "media_list_data": [
      
    ],
    "string_list_data": [
      {
        "href": "https://www.instagram.com/schxy_x",
        "value": "schxy_x",
        "timestamp": 1715492044
      }
    ]
  },
  {
    "title": "",
    "media_list_data": [
      
    ],
    "string_list_data": [
      {
        "href": "https://www.instagram.com/park_xrce",
        "value": "park_xrce",
        "timestamp": 1715482452
      }
    ]
  },
  {
    "title": "",
    "media_list_data": [
      
    ],
    "string_list_data": [
      {
        "href": "https://www.instagram.com/fer.rubio.rubio",
        "value": "fer.rubio.rubio",
        "timestamp": 1715472587
      }
    ]
  },
  {
    "title": "",
    "media_list_data": [
      
    ],
    "string_list_data": [
      {
        "href": "https://www.instagram.com/javiiieraap",
        "value": "javiiieraap",
        "timestamp": 1715374730
      }
    ]
  },
  {
    "title": "",
    "media_list_data": [
      
    ],
    "string_list_data": [
      {
        "href": "https://www.instagram.com/sooper_sopa",
        "value": "sooper_sopa",
        "timestamp": 1715301295
      }
    ]
  },
  {
    "title": "",
    "media_list_data": [
      
    ],
    "string_list_data": [
      {
        "href": "https://www.instagram.com/sendlovelinz",
        "value": "sendlovelinz",
        "timestamp": 1715190687
      }
    ]
  },
  {
    "title": "",
    "media_list_data": [
      
    ],
    "string_list_data": [
      {
        "href": "https://www.instagram.com/xinnamon.__",
        "value": "xinnamon.__",
        "timestamp": 1715129895
      }
    ]
  }
]