{
  "relationships_following": [
    {
      "title": "",
      "media_list_data": [
        
      ],
      "string_list_data": [
        {
          "href": "https://www.instagram.com/janiss.ar",
          "value": "janiss.ar",
          "timestamp": 1741058327
        }
      ]
    },
    {
      "title": "",
      "media_list_data": [
        
      ],
      "string_list_data": [
        {
          "href": "https://www.instagram.com/grupoufci",
          "value": "grupoufci",
          "timestamp": 1741055864
        }
      ]
    },
    {
      "title": "",
      "media_list_data": [
        
      ],
      "string_list_data": [
        {
          "href": "https://www.instagram.com/_.xoxo.sofi_",
          "value": "_.xoxo.sofi_",
          "timestamp": 1741043516
        }
      ]
    },
    {
      "title": "",
      "media_list_data": [
        
      ],
      "string_list_data": [
        {
          "href": "https://www.instagram.com/00abelen__",
          "value": "00abelen__",
          "timestamp": 1741041986
        }
      ]
    },
    {
      "title": "",
      "media_list_data": [
        
      ],
      "string_list_data": [
        {
          "href": "https://www.instagram.com/danawhite",
          "value": "danawhite",
          "timestamp": 1741041404
        }
      ]
    },
    {
      "title": "",
      "media_list_data": [
        
      ],
      "string_list_data": [
        {
          "href": "https://www.instagram.com/farmaceuticofernandez",
          "value": "farmaceuticofernandez",
          "timestamp": 1741025722
        }
      ]
    },
    {
      "title": "",
      "media_list_data": [
        
      ],
      "string_list_data": [
        {
          "href": "https://www.instagram.com/agujetitas",
          "value": "agujetitas",
          "timestamp": 1740951567
        }
      ]
    },
    {
      "title": "",
      "media_list_data": [
        
      ],
      "string_list_data": [
        {
          "href": "https://www.instagram.com/fernanndv.v",
          "value": "fernanndv.v",
          "timestamp": 1740937592
        }
      ]
    },
    {
      "title": "",
      "media_list_data": [
        
      ],
      "string_list_data": [
        {
          "href": "https://www.instagram.com/natalyclpz",
          "value": "natalyclpz",
          "timestamp": 1740880298
        }
      ]
    },
    {
      "title": "",
      "media_list_data": [
        
      ],
      "string_list_data": [
        {
          "href": "https://www.instagram.com/boxingtipss",
          "value": "boxingtipss",
          "timestamp": 1740809171
        }
      ]
    },
    {
      "title": "",
      "media_list_data": [
        
      ],
      "string_list_data": [
        {
          "href": "https://www.instagram.com/imartii.u",
          "value": "imartii.u",
          "timestamp": 1740789573
        }
      ]
    },
    {
      "title": "",
      "media_list_data": [
        
      ],
      "string_list_data": [
        {
          "href": "https://www.instagram.com/mineria_uss",
          "value": "mineria_uss",
          "timestamp": 1740762724
        }
      ]
    },
    {
      "title": "",
      "media_list_data": [
        
      ],
      "string_list_data": [
        {
          "href": "https://www.instagram.com/escueladeliderazgouss",
          "value": "escueladeliderazgouss",
          "timestamp": 1740762711
        }
      ]
    },
    {
      "title": "",
      "media_list_data": [
        
      ],
      "string_list_data": [
        {
          "href": "https://www.instagram.com/usansebastian",
          "value": "usansebastian",
          "timestamp": 1740762707
        }
      ]
    },
    {
      "title": "",
      "media_list_data": [
        
      ],
      "string_list_data": [
        {
          "href": "https://www.instagram.com/aeusssantiago",
          "value": "aeusssantiago",
          "timestamp": 1740762700
        }
      ]
    },
    {
      "title": "",
      "media_list_data": [
        
      ],
      "string_list_data": [
        {
          "href": "https://www.instagram.com/sor.twins",
          "value": "sor.twins",
          "timestamp": 1740699798
        }
      ]
    },
    {
      "title": "",
      "media_list_data": [
        
      ],
      "string_list_data": [
        {
          "href": "https://www.instagram.com/shkola_boksa_raab",
          "value": "shkola_boksa_raab",
          "timestamp": 1740699586
        }
      ]
    },
    {
      "title": "",
      "media_list_data": [
        
      ],
      "string_list_data": [
        {
          "href": "https://www.instagram.com/team_sanchez._",
          "value": "team_sanchez._",
          "timestamp": 1740698497
        }
      ]
    },
    {
      "title": "",
      "media_list_data": [
        
      ],
      "string_list_data": [
        {
          "href": "https://www.instagram.com/n.omi.s_",
          "value": "n.omi.s_",
          "timestamp": 1740626326
        }
      ]
    },
    {
      "title": "",
      "media_list_data": [
        
      ],
      "string_list_data": [
        {
          "href": "https://www.instagram.com/yolaemiiii",
          "value": "yolaemiiii",
          "timestamp": 1740619948
        }
      ]
    },
    {
      "title": "",
      "media_list_data": [
        
      ],
      "string_list_data": [
        {
          "href": "https://www.instagram.com/arivlop_",
          "value": "arivlop_",
          "timestamp": 1740391549
        }
      ]
    },
    {
      "title": "",
      "media_list_data": [
        
      ],
      "string_list_data": [
        {
          "href": "https://www.instagram.com/dougmarcaida",
          "value": "dougmarcaida",
          "timestamp": 1740346314
        }
      ]
    },
    {
      "title": "",
      "media_list_data": [
        
      ],
      "string_list_data": [
        {
          "href": "https://www.instagram.com/ayluszymczak",
          "value": "ayluszymczak",
          "timestamp": 1740286716
        }
      ]
    },
    {
      "title": "",
      "media_list_data": [
        
      ],
      "string_list_data": [
        {
          "href": "https://www.instagram.com/fran.prdes",
          "value": "fran.prdes",
          "timestamp": 1740285119
        }
      ]
    },
    {
      "title": "",
      "media_list_data": [
        
      ],
      "string_list_data": [
        {
          "href": "https://www.instagram.com/alebelenn",
          "value": "alebelenn",
          "timestamp": 1740267562
        }
      ]
    },
    {
      "title": "",
      "media_list_data": [
        
      ],
      "string_list_data": [
        {
          "href": "https://www.instagram.com/alissc.r",
          "value": "alissc.r",
          "timestamp": 1740267338
        }
      ]
    },
    {
      "title": "",
      "media_list_data": [
        
      ],
      "string_list_data": [
        {
          "href": "https://www.instagram.com/you.are.a.hitman",
          "value": "you.are.a.hitman",
          "timestamp": 1740203527
        }
      ]
    },
    {
      "title": "",
      "media_list_data": [
        
      ],
      "string_list_data": [
        {
          "href": "https://www.instagram.com/swholeanimal",
          "value": "swholeanimal",
          "timestamp": 1740202378
        }
      ]
    },
    {
      "title": "",
      "media_list_data": [
        
      ],
      "string_list_data": [
        {
          "href": "https://www.instagram.com/zuelectro_",
          "value": "zuelectro_",
          "timestamp": 1739944491
        }
      ]
    },
    {
      "title": "",
      "media_list_data": [
        
      ],
      "string_list_data": [
        {
          "href": "https://www.instagram.com/nicki.nicole",
          "value": "nicki.nicole",
          "timestamp": 1739719451
        }
      ]
    },
    {
      "title": "",
      "media_list_data": [
        
      ],
      "string_list_data": [
        {
          "href": "https://www.instagram.com/accionantipoeticavideos",
          "value": "accionantipoeticavideos",
          "timestamp": 1739385456
        }
      ]
    },
    {
      "title": "",
      "media_list_data": [
        
      ],
      "string_list_data": [
        {
          "href": "https://www.instagram.com/cblitueche",
          "value": "cblitueche",
          "timestamp": 1739041314
        }
      ]
    },
    {
      "title": "",
      "media_list_data": [
        
      ],
      "string_list_data": [
        {
          "href": "https://www.instagram.com/openfightlatam",
          "value": "openfightlatam",
          "timestamp": 1738897926
        }
      ]
    },
    {
      "title": "",
      "media_list_data": [
        
      ],
      "string_list_data": [
        {
          "href": "https://www.instagram.com/soycienciaycocina",
          "value": "soycienciaycocina",
          "timestamp": 1738803135
        }
      ]
    },
    {
      "title": "",
      "media_list_data": [
        
      ],
      "string_list_data": [
        {
          "href": "https://www.instagram.com/coni._.fndz",
          "value": "coni._.fndz",
          "timestamp": 1738466048
        }
      ]
    },
    {
      "title": "",
      "media_list_data": [
        
      ],
      "string_list_data": [
        {
          "href": "https://www.instagram.com/munilaestrella",
          "value": "munilaestrella",
          "timestamp": 1738283463
        }
      ]
    },
    {
      "title": "",
      "media_list_data": [
        
      ],
      "string_list_data": [
        {
          "href": "https://www.instagram.com/muni.litueche",
          "value": "muni.litueche",
          "timestamp": 1738270146
        }
      ]
    },
    {
      "title": "",
      "media_list_data": [
        
      ],
      "string_list_data": [
        {
          "href": "https://www.instagram.com/munidemarchigue",
          "value": "munidemarchigue",
          "timestamp": 1738169899
        }
      ]
    },
    {
      "title": "",
      "media_list_data": [
        
      ],
      "string_list_data": [
        {
          "href": "https://www.instagram.com/teffnny_",
          "value": "teffnny_",
          "timestamp": 1738025146
        }
      ]
    },
    {
      "title": "",
      "media_list_data": [
        
      ],
      "string_list_data": [
        {
          "href": "https://www.instagram.com/martna_d",
          "value": "martna_d",
          "timestamp": 1737916027
        }
      ]
    },
    {
      "title": "",
      "media_list_data": [
        
      ],
      "string_list_data": [
        {
          "href": "https://www.instagram.com/jaz_h.m",
          "value": "jaz_h.m",
          "timestamp": 1737835477
        }
      ]
    },
    {
      "title": "",
      "media_list_data": [
        
      ],
      "string_list_data": [
        {
          "href": "https://www.instagram.com/jorge_lisb0a",
          "value": "jorge_lisb0a",
          "timestamp": 1737661171
        }
      ]
    },
    {
      "title": "",
      "media_list_data": [
        
      ],
      "string_list_data": [
        {
          "href": "https://www.instagram.com/banzaikarateacademy",
          "value": "banzaikarateacademy",
          "timestamp": 1737545787
        }
      ]
    },
    {
      "title": "",
      "media_list_data": [
        
      ],
      "string_list_data": [
        {
          "href": "https://www.instagram.com/tofi_yq",
          "value": "tofi_yq",
          "timestamp": 1737482136
        }
      ]
    },
    {
      "title": "",
      "media_list_data": [
        
      ],
      "string_list_data": [
        {
          "href": "https://www.instagram.com/blessloyaltty",
          "value": "blessloyaltty",
          "timestamp": 1737397282
        }
      ]
    },
    {
      "title": "",
      "media_list_data": [
        
      ],
      "string_list_data": [
        {
          "href": "https://www.instagram.com/angiiee_rm",
          "value": "angiiee_rm",
          "timestamp": 1737246809
        }
      ]
    },
    {
      "title": "",
      "media_list_data": [
        
      ],
      "string_list_data": [
        {
          "href": "https://www.instagram.com/fraanspinelli",
          "value": "fraanspinelli",
          "timestamp": 1737237308
        }
      ]
    },
    {
      "title": "",
      "media_list_data": [
        
      ],
      "string_list_data": [
        {
          "href": "https://www.instagram.com/j.aracely_",
          "value": "j.aracely_",
          "timestamp": 1737165588
        }
      ]
    },
    {
      "title": "",
      "media_list_data": [
        
      ],
      "string_list_data": [
        {
          "href": "https://www.instagram.com/litujitos.cl",
          "value": "litujitos.cl",
          "timestamp": 1737076506
        }
      ]
    },
    {
      "title": "",
      "media_list_data": [
        
      ],
      "string_list_data": [
        {
          "href": "https://www.instagram.com/roberto_rodri2021",
          "value": "roberto_rodri2021",
          "timestamp": 1737076015
        }
      ]
    },
    {
      "title": "",
      "media_list_data": [
        
      ],
      "string_list_data": [
        {
          "href": "https://www.instagram.com/keysitaa07",
          "value": "keysitaa07",
          "timestamp": 1737041577
        }
      ]
    },
    {
      "title": "",
      "media_list_data": [
        
      ],
      "string_list_data": [
        {
          "href": "https://www.instagram.com/_privvv.m1",
          "value": "_privvv.m1",
          "timestamp": 1736825245
        }
      ]
    },
    {
      "title": "",
      "media_list_data": [
        
      ],
      "string_list_data": [
        {
          "href": "https://www.instagram.com/marti.machuca.c",
          "value": "marti.machuca.c",
          "timestamp": 1736814732
        }
      ]
    },
    {
      "title": "",
      "media_list_data": [
        
      ],
      "string_list_data": [
        {
          "href": "https://www.instagram.com/dnla._._",
          "value": "dnla._._",
          "timestamp": 1736516313
        }
      ]
    },
    {
      "title": "",
      "media_list_data": [
        
      ],
      "string_list_data": [
        {
          "href": "https://www.instagram.com/sofivmontvner",
          "value": "sofivmontvner",
          "timestamp": 1736219459
        }
      ]
    },
    {
      "title": "",
      "media_list_data": [
        
      ],
      "string_list_data": [
        {
          "href": "https://www.instagram.com/miri_boxing",
          "value": "miri_boxing",
          "timestamp": 1735960426
        }
      ]
    },
    {
      "title": "",
      "media_list_data": [
        
      ],
      "string_list_data": [
        {
          "href": "https://www.instagram.com/rosaslinz",
          "value": "rosaslinz",
          "timestamp": 1735869191
        }
      ]
    },
    {
      "title": "",
      "media_list_data": [
        
      ],
      "string_list_data": [
        {
          "href": "https://www.instagram.com/_.black._.flower_x",
          "value": "_.black._.flower_x",
          "timestamp": 1735785245
        }
      ]
    },
    {
      "title": "",
      "media_list_data": [
        
      ],
      "string_list_data": [
        {
          "href": "https://www.instagram.com/knnibu",
          "value": "knnibu",
          "timestamp": 1735701814
        }
      ]
    },
    {
      "title": "",
      "media_list_data": [
        
      ],
      "string_list_data": [
        {
          "href": "https://www.instagram.com/muni_pichilemu",
          "value": "muni_pichilemu",
          "timestamp": 1735138324
        }
      ]
    },
    {
      "title": "",
      "media_list_data": [
        
      ],
      "string_list_data": [
        {
          "href": "https://www.instagram.com/officiel.jiujitsu",
          "value": "officiel.jiujitsu",
          "timestamp": 1734991441
        }
      ]
    },
    {
      "title": "",
      "media_list_data": [
        
      ],
      "string_list_data": [
        {
          "href": "https://www.instagram.com/antenazos.s",
          "value": "antenazos.s",
          "timestamp": 1734479628
        }
      ]
    },
    {
      "title": "",
      "media_list_data": [
        
      ],
      "string_list_data": [
        {
          "href": "https://www.instagram.com/danielmatusmma",
          "value": "danielmatusmma",
          "timestamp": 1734471854
        }
      ]
    },
    {
      "title": "",
      "media_list_data": [
        
      ],
      "string_list_data": [
        {
          "href": "https://www.instagram.com/dirtymovesjiujitsu",
          "value": "dirtymovesjiujitsu",
          "timestamp": 1734200731
        }
      ]
    },
    {
      "title": "",
      "media_list_data": [
        
      ],
      "string_list_data": [
        {
          "href": "https://www.instagram.com/fer.rubio.rubio",
          "value": "fer.rubio.rubio",
          "timestamp": 1734050349
        }
      ]
    },
    {
      "title": "",
      "media_list_data": [
        
      ],
      "string_list_data": [
        {
          "href": "https://www.instagram.com/djsidhk",
          "value": "djsidhk",
          "timestamp": 1734048548
        }
      ]
    },
    {
      "title": "",
      "media_list_data": [
        
      ],
      "string_list_data": [
        {
          "href": "https://www.instagram.com/_constanza_anianette",
          "value": "_constanza_anianette",
          "timestamp": 1734048127
        }
      ]
    },
    {
      "title": "",
      "media_list_data": [
        
      ],
      "string_list_data": [
        {
          "href": "https://www.instagram.com/slowmotionstyle",
          "value": "slowmotionstyle",
          "timestamp": 1734033614
        }
      ]
    },
    {
      "title": "",
      "media_list_data": [
        
      ],
      "string_list_data": [
        {
          "href": "https://www.instagram.com/mvrtinez.svvage14",
          "value": "mvrtinez.svvage14",
          "timestamp": 1734030988
        }
      ]
    },
    {
      "title": "",
      "media_list_data": [
        
      ],
      "string_list_data": [
        {
          "href": "https://www.instagram.com/contreras_contreras00",
          "value": "contreras_contreras00",
          "timestamp": 1733966888
        }
      ]
    },
    {
      "title": "",
      "media_list_data": [
        
      ],
      "string_list_data": [
        {
          "href": "https://www.instagram.com/tokkioboss",
          "value": "tokkioboss",
          "timestamp": 1733929129
        }
      ]
    },
    {
      "title": "",
      "media_list_data": [
        
      ],
      "string_list_data": [
        {
          "href": "https://www.instagram.com/898.lilii",
          "value": "898.lilii",
          "timestamp": 1733884748
        }
      ]
    },
    {
      "title": "",
      "media_list_data": [
        
      ],
      "string_list_data": [
        {
          "href": "https://www.instagram.com/benwhittaker",
          "value": "benwhittaker",
          "timestamp": 1733879947
        }
      ]
    },
    {
      "title": "",
      "media_list_data": [
        
      ],
      "string_list_data": [
        {
          "href": "https://www.instagram.com/21mvr.tinn",
          "value": "21mvr.tinn",
          "timestamp": 1733869413
        }
      ]
    },
    {
      "title": "",
      "media_list_data": [
        
      ],
      "string_list_data": [
        {
          "href": "https://www.instagram.com/salazar_xcv",
          "value": "salazar_xcv",
          "timestamp": 1733857846
        }
      ]
    },
    {
      "title": "",
      "media_list_data": [
        
      ],
      "string_list_data": [
        {
          "href": "https://www.instagram.com/jo_coti",
          "value": "jo_coti",
          "timestamp": 1733794847
        }
      ]
    },
    {
      "title": "",
      "media_list_data": [
        
      ],
      "string_list_data": [
        {
          "href": "https://www.instagram.com/iwannabeasupersaiyan",
          "value": "iwannabeasupersaiyan",
          "timestamp": 1733757290
        }
      ]
    },
    {
      "title": "",
      "media_list_data": [
        
      ],
      "string_list_data": [
        {
          "href": "https://www.instagram.com/sancocho_zen",
          "value": "sancocho_zen",
          "timestamp": 1733719087
        }
      ]
    },
    {
      "title": "",
      "media_list_data": [
        
      ],
      "string_list_data": [
        {
          "href": "https://www.instagram.com/16florvncia._",
          "value": "16florvncia._",
          "timestamp": 1733676920
        }
      ]
    },
    {
      "title": "",
      "media_list_data": [
        
      ],
      "string_list_data": [
        {
          "href": "https://www.instagram.com/osvaldo.brutus",
          "value": "osvaldo.brutus",
          "timestamp": 1733662876
        }
      ]
    },
    {
      "title": "",
      "media_list_data": [
        
      ],
      "string_list_data": [
        {
          "href": "https://www.instagram.com/irasousa3",
          "value": "irasousa3",
          "timestamp": 1733631230
        }
      ]
    },
    {
      "title": "",
      "media_list_data": [
        
      ],
      "string_list_data": [
        {
          "href": "https://www.instagram.com/bvel.hl",
          "value": "bvel.hl",
          "timestamp": 1733602384
        }
      ]
    },
    {
      "title": "",
      "media_list_data": [
        
      ],
      "string_list_data": [
        {
          "href": "https://www.instagram.com/ingelearn",
          "value": "ingelearn",
          "timestamp": 1733453713
        }
      ]
    },
    {
      "title": "",
      "media_list_data": [
        
      ],
      "string_list_data": [
        {
          "href": "https://www.instagram.com/kichi_chi_",
          "value": "kichi_chi_",
          "timestamp": 1733451486
        }
      ]
    },
    {
      "title": "",
      "media_list_data": [
        
      ],
      "string_list_data": [
        {
          "href": "https://www.instagram.com/surfestival",
          "value": "surfestival",
          "timestamp": 1733325787
        }
      ]
    },
    {
      "title": "",
      "media_list_data": [
        
      ],
      "string_list_data": [
        {
          "href": "https://www.instagram.com/ordenesconstrucciones",
          "value": "ordenesconstrucciones",
          "timestamp": 1733271554
        }
      ]
    },
    {
      "title": "",
      "media_list_data": [
        
      ],
      "string_list_data": [
        {
          "href": "https://www.instagram.com/popurri_combate",
          "value": "popurri_combate",
          "timestamp": 1733252474
        }
      ]
    },
    {
      "title": "",
      "media_list_data": [
        
      ],
      "string_list_data": [
        {
          "href": "https://www.instagram.com/caballerosbarberiaoficial",
          "value": "caballerosbarberiaoficial",
          "timestamp": 1733247164
        }
      ]
    },
    {
      "title": "",
      "media_list_data": [
        
      ],
      "string_list_data": [
        {
          "href": "https://www.instagram.com/_.cami_valderrama",
          "value": "_.cami_valderrama",
          "timestamp": 1733187256
        }
      ]
    },
    {
      "title": "",
      "media_list_data": [
        
      ],
      "string_list_data": [
        {
          "href": "https://www.instagram.com/miercolespo",
          "value": "miercolespo",
          "timestamp": 1733162026
        }
      ]
    },
    {
      "title": "",
      "media_list_data": [
        
      ],
      "string_list_data": [
        {
          "href": "https://www.instagram.com/but_antonia_",
          "value": "but_antonia_",
          "timestamp": 1733160869
        }
      ]
    },
    {
      "title": "",
      "media_list_data": [
        
      ],
      "string_list_data": [
        {
          "href": "https://www.instagram.com/blakethebilder",
          "value": "blakethebilder",
          "timestamp": 1733157002
        }
      ]
    },
    {
      "title": "",
      "media_list_data": [
        
      ],
      "string_list_data": [
        {
          "href": "https://www.instagram.com/jaulabahamondes",
          "value": "jaulabahamondes",
          "timestamp": 1733088360
        }
      ]
    },
    {
      "title": "",
      "media_list_data": [
        
      ],
      "string_list_data": [
        {
          "href": "https://www.instagram.com/xauxauxaumefuii",
          "value": "xauxauxaumefuii",
          "timestamp": 1732919981
        }
      ]
    },
    {
      "title": "",
      "media_list_data": [
        
      ],
      "string_list_data": [
        {
          "href": "https://www.instagram.com/luispride23",
          "value": "luispride23",
          "timestamp": 1732914913
        }
      ]
    },
    {
      "title": "",
      "media_list_data": [
        
      ],
      "string_list_data": [
        {
          "href": "https://www.instagram.com/imperator_mma_",
          "value": "imperator_mma_",
          "timestamp": 1732892684
        }
      ]
    },
    {
      "title": "",
      "media_list_data": [
        
      ],
      "string_list_data": [
        {
          "href": "https://www.instagram.com/ragnarr.__",
          "value": "ragnarr.__",
          "timestamp": 1732821898
        }
      ]
    },
    {
      "title": "",
      "media_list_data": [
        
      ],
      "string_list_data": [
        {
          "href": "https://www.instagram.com/hackerscue",
          "value": "hackerscue",
          "timestamp": 1732736587
        }
      ]
    },
    {
      "title": "",
      "media_list_data": [
        
      ],
      "string_list_data": [
        {
          "href": "https://www.instagram.com/ragnar_bjj",
          "value": "ragnar_bjj",
          "timestamp": 1732688216
        }
      ]
    },
    {
      "title": "",
      "media_list_data": [
        
      ],
      "string_list_data": [
        {
          "href": "https://www.instagram.com/realmediatvchile",
          "value": "realmediatvchile",
          "timestamp": 1732550381
        }
      ]
    },
    {
      "title": "",
      "media_list_data": [
        
      ],
      "string_list_data": [
        {
          "href": "https://www.instagram.com/gym.strike1020",
          "value": "gym.strike1020",
          "timestamp": 1732484765
        }
      ]
    },
    {
      "title": "",
      "media_list_data": [
        
      ],
      "string_list_data": [
        {
          "href": "https://www.instagram.com/carlaa_morales",
          "value": "carlaa_morales",
          "timestamp": 1732401766
        }
      ]
    },
    {
      "title": "",
      "media_list_data": [
        
      ],
      "string_list_data": [
        {
          "href": "https://www.instagram.com/torneomuchik",
          "value": "torneomuchik",
          "timestamp": 1732387730
        }
      ]
    },
    {
      "title": "",
      "media_list_data": [
        
      ],
      "string_list_data": [
        {
          "href": "https://www.instagram.com/ankalaev_magomed",
          "value": "ankalaev_magomed",
          "timestamp": 1732377083
        }
      ]
    },
    {
      "title": "",
      "media_list_data": [
        
      ],
      "string_list_data": [
        {
          "href": "https://www.instagram.com/ufceurasia",
          "value": "ufceurasia",
          "timestamp": 1732377081
        }
      ]
    },
    {
      "title": "",
      "media_list_data": [
        
      ],
      "string_list_data": [
        {
          "href": "https://www.instagram.com/charlesdobronxs",
          "value": "charlesdobronxs",
          "timestamp": 1732377051
        }
      ]
    },
    {
      "title": "",
      "media_list_data": [
        
      ],
      "string_list_data": [
        {
          "href": "https://www.instagram.com/alexpoatanpereira",
          "value": "alexpoatanpereira",
          "timestamp": 1732377049
        }
      ]
    },
    {
      "title": "",
      "media_list_data": [
        
      ],
      "string_list_data": [
        {
          "href": "https://www.instagram.com/ufc",
          "value": "ufc",
          "timestamp": 1732377044
        }
      ]
    },
    {
      "title": "",
      "media_list_data": [
        
      ],
      "string_list_data": [
        {
          "href": "https://www.instagram.com/khamzat_chimaev",
          "value": "khamzat_chimaev",
          "timestamp": 1732377042
        }
      ]
    },
    {
      "title": "",
      "media_list_data": [
        
      ],
      "string_list_data": [
        {
          "href": "https://www.instagram.com/islam_makhachev",
          "value": "islam_makhachev",
          "timestamp": 1732377041
        }
      ]
    },
    {
      "title": "",
      "media_list_data": [
        
      ],
      "string_list_data": [
        {
          "href": "https://www.instagram.com/khabib_nurmagomedov",
          "value": "khabib_nurmagomedov",
          "timestamp": 1732376939
        }
      ]
    },
    {
      "title": "",
      "media_list_data": [
        
      ],
      "string_list_data": [
        {
          "href": "https://www.instagram.com/screamsuixide",
          "value": "screamsuixide",
          "timestamp": 1732281537
        }
      ]
    },
    {
      "title": "",
      "media_list_data": [
        
      ],
      "string_list_data": [
        {
          "href": "https://www.instagram.com/liuvzy",
          "value": "liuvzy",
          "timestamp": 1732207881
        }
      ]
    },
    {
      "title": "",
      "media_list_data": [
        
      ],
      "string_list_data": [
        {
          "href": "https://www.instagram.com/en_vola",
          "value": "en_vola",
          "timestamp": 1732148318
        }
      ]
    },
    {
      "title": "",
      "media_list_data": [
        
      ],
      "string_list_data": [
        {
          "href": "https://www.instagram.com/ishowspeed",
          "value": "ishowspeed",
          "timestamp": 1732110418
        }
      ]
    },
    {
      "title": "",
      "media_list_data": [
        
      ],
      "string_list_data": [
        {
          "href": "https://www.instagram.com/vvalee_paaz",
          "value": "vvalee_paaz",
          "timestamp": 1732110166
        }
      ]
    },
    {
      "title": "",
      "media_list_data": [
        
      ],
      "string_list_data": [
        {
          "href": "https://www.instagram.com/geroooo_arias2.0",
          "value": "geroooo_arias2.0",
          "timestamp": 1732013060
        }
      ]
    },
    {
      "title": "",
      "media_list_data": [
        
      ],
      "string_list_data": [
        {
          "href": "https://www.instagram.com/_z4miii_",
          "value": "_z4miii_",
          "timestamp": 1731804934
        }
      ]
    },
    {
      "title": "",
      "media_list_data": [
        
      ],
      "string_list_data": [
        {
          "href": "https://www.instagram.com/fotoosmarti",
          "value": "fotoosmarti",
          "timestamp": 1731636874
        }
      ]
    },
    {
      "title": "",
      "media_list_data": [
        
      ],
      "string_list_data": [
        {
          "href": "https://www.instagram.com/_koti.paz_",
          "value": "_koti.paz_",
          "timestamp": 1731630786
        }
      ]
    },
    {
      "title": "",
      "media_list_data": [
        
      ],
      "string_list_data": [
        {
          "href": "https://www.instagram.com/ioranamar",
          "value": "ioranamar",
          "timestamp": 1731611792
        }
      ]
    },
    {
      "title": "",
      "media_list_data": [
        
      ],
      "string_list_data": [
        {
          "href": "https://www.instagram.com/fer_vale77",
          "value": "fer_vale77",
          "timestamp": 1731430778
        }
      ]
    },
    {
      "title": "",
      "media_list_data": [
        
      ],
      "string_list_data": [
        {
          "href": "https://www.instagram.com/s.antonellv",
          "value": "s.antonellv",
          "timestamp": 1731428256
        }
      ]
    },
    {
      "title": "",
      "media_list_data": [
        
      ],
      "string_list_data": [
        {
          "href": "https://www.instagram.com/caro0_67",
          "value": "caro0_67",
          "timestamp": 1731408526
        }
      ]
    },
    {
      "title": "",
      "media_list_data": [
        
      ],
      "string_list_data": [
        {
          "href": "https://www.instagram.com/_nunee_xz",
          "value": "_nunee_xz",
          "timestamp": 1731158422
        }
      ]
    },
    {
      "title": "",
      "media_list_data": [
        
      ],
      "string_list_data": [
        {
          "href": "https://www.instagram.com/muni_mph",
          "value": "muni_mph",
          "timestamp": 1731119994
        }
      ]
    },
    {
      "title": "",
      "media_list_data": [
        
      ],
      "string_list_data": [
        {
          "href": "https://www.instagram.com/ziggyrequiem",
          "value": "ziggyrequiem",
          "timestamp": 1731091826
        }
      ]
    },
    {
      "title": "",
      "media_list_data": [
        
      ],
      "string_list_data": [
        {
          "href": "https://www.instagram.com/pf_harold_calistenia",
          "value": "pf_harold_calistenia",
          "timestamp": 1730480664
        }
      ]
    },
    {
      "title": "",
      "media_list_data": [
        
      ],
      "string_list_data": [
        {
          "href": "https://www.instagram.com/guerracampal",
          "value": "guerracampal",
          "timestamp": 1729868757
        }
      ]
    },
    {
      "title": "",
      "media_list_data": [
        
      ],
      "string_list_data": [
        {
          "href": "https://www.instagram.com/lissrubio21",
          "value": "lissrubio21",
          "timestamp": 1729351353
        }
      ]
    },
    {
      "title": "",
      "media_list_data": [
        
      ],
      "string_list_data": [
        {
          "href": "https://www.instagram.com/luis_ksike_cortez",
          "value": "luis_ksike_cortez",
          "timestamp": 1728764997
        }
      ]
    },
    {
      "title": "",
      "media_list_data": [
        
      ],
      "string_list_data": [
        {
          "href": "https://www.instagram.com/gimnasio__strike",
          "value": "gimnasio__strike",
          "timestamp": 1728730885
        }
      ]
    },
    {
      "title": "",
      "media_list_data": [
        
      ],
      "string_list_data": [
        {
          "href": "https://www.instagram.com/craneocontraconcreto",
          "value": "craneocontraconcreto",
          "timestamp": 1728653979
        }
      ]
    },
    {
      "title": "",
      "media_list_data": [
        
      ],
      "string_list_data": [
        {
          "href": "https://www.instagram.com/aggressiveprofighter",
          "value": "aggressiveprofighter",
          "timestamp": 1728647078
        }
      ]
    },
    {
      "title": "",
      "media_list_data": [
        
      ],
      "string_list_data": [
        {
          "href": "https://www.instagram.com/_.rizytos._",
          "value": "_.rizytos._",
          "timestamp": 1728601226
        }
      ]
    },
    {
      "title": "",
      "media_list_data": [
        
      ],
      "string_list_data": [
        {
          "href": "https://www.instagram.com/isabelsb.b",
          "value": "isabelsb.b",
          "timestamp": 1728501900
        }
      ]
    },
    {
      "title": "",
      "media_list_data": [
        
      ],
      "string_list_data": [
        {
          "href": "https://www.instagram.com/elitemind_agency",
          "value": "elitemind_agency",
          "timestamp": 1728440061
        }
      ]
    },
    {
      "title": "",
      "media_list_data": [
        
      ],
      "string_list_data": [
        {
          "href": "https://www.instagram.com/adrenalina_series",
          "value": "adrenalina_series",
          "timestamp": 1728003153
        }
      ]
    },
    {
      "title": "",
      "media_list_data": [
        
      ],
      "string_list_data": [
        {
          "href": "https://www.instagram.com/_dsttopia",
          "value": "_dsttopia",
          "timestamp": 1726599664
        }
      ]
    },
    {
      "title": "",
      "media_list_data": [
        
      ],
      "string_list_data": [
        {
          "href": "https://www.instagram.com/moii_fc",
          "value": "moii_fc",
          "timestamp": 1724984521
        }
      ]
    },
    {
      "title": "",
      "media_list_data": [
        
      ],
      "string_list_data": [
        {
          "href": "https://www.instagram.com/seiishuu_",
          "value": "seiishuu_",
          "timestamp": 1721109421
        }
      ]
    },
    {
      "title": "",
      "media_list_data": [
        
      ],
      "string_list_data": [
        {
          "href": "https://www.instagram.com/jaaavviii_v",
          "value": "jaaavviii_v",
          "timestamp": 1717542344
        }
      ]
    },
    {
      "title": "",
      "media_list_data": [
        
      ],
      "string_list_data": [
        {
          "href": "https://www.instagram.com/diiego_sotoc",
          "value": "diiego_sotoc",
          "timestamp": 1716853966
        }
      ]
    },
    {
      "title": "",
      "media_list_data": [
        
      ],
      "string_list_data": [
        {
          "href": "https://www.instagram.com/_meryyt",
          "value": "_meryyt",
          "timestamp": 1716791119
        }
      ]
    },
    {
      "title": "",
      "media_list_data": [
        
      ],
      "string_list_data": [
        {
          "href": "https://www.instagram.com/mcarrenog_",
          "value": "mcarrenog_",
          "timestamp": 1716518924
        }
      ]
    },
    {
      "title": "",
      "media_list_data": [
        
      ],
      "string_list_data": [
        {
          "href": "https://www.instagram.com/glow_slob",
          "value": "glow_slob",
          "timestamp": 1716328602
        }
      ]
    },
    {
      "title": "",
      "media_list_data": [
        
      ],
      "string_list_data": [
        {
          "href": "https://www.instagram.com/19.agus_gnlz",
          "value": "19.agus_gnlz",
          "timestamp": 1716271484
        }
      ]
    },
    {
      "title": "",
      "media_list_data": [
        
      ],
      "string_list_data": [
        {
          "href": "https://www.instagram.com/maty__acevedo",
          "value": "maty__acevedo",
          "timestamp": 1716251097
        }
      ]
    },
    {
      "title": "",
      "media_list_data": [
        
      ],
      "string_list_data": [
        {
          "href": "https://www.instagram.com/sendlovelinz",
          "value": "sendlovelinz",
          "timestamp": 1716081175
        }
      ]
    },
    {
      "title": "",
      "media_list_data": [
        
      ],
      "string_list_data": [
        {
          "href": "https://www.instagram.com/lhy_eden",
          "value": "lhy_eden",
          "timestamp": 1715625294
        }
      ]
    },
    {
      "title": "",
      "media_list_data": [
        
      ],
      "string_list_data": [
        {
          "href": "https://www.instagram.com/_.xclipze._",
          "value": "_.xclipze._",
          "timestamp": 1715547348
        }
      ]
    },
    {
      "title": "",
      "media_list_data": [
        
      ],
      "string_list_data": [
        {
          "href": "https://www.instagram.com/park_xrce",
          "value": "park_xrce",
          "timestamp": 1715482446
        }
      ]
    },
    {
      "title": "",
      "media_list_data": [
        
      ],
      "string_list_data": [
        {
          "href": "https://www.instagram.com/schxy_x",
          "value": "schxy_x",
          "timestamp": 1715470370
        }
      ]
    },
    {
      "title": "",
      "media_list_data": [
        
      ],
      "string_list_data": [
        {
          "href": "https://www.instagram.com/javiiieraap",
          "value": "javiiieraap",
          "timestamp": 1715374709
        }
      ]
    },
    {
      "title": "",
      "media_list_data": [
        
      ],
      "string_list_data": [
        {
          "href": "https://www.instagram.com/sooper_sopa",
          "value": "sooper_sopa",
          "timestamp": 1715249726
        }
      ]
    },
    {
      "title": "",
      "media_list_data": [
        
      ],
      "string_list_data": [
        {
          "href": "https://www.instagram.com/xinnamon.__",
          "value": "xinnamon.__",
          "timestamp": 1715129891
        }
      ]
    }
  ]
}