{
  "relationships_follow_requests_sent": [
    {
      "title": "",
      "media_list_data": [
        
      ],
      "string_list_data": [
        {
          "href": "https://www.instagram.com/ig.ignvciv",
          "value": "ig.ignvciv",
          "timestamp": 1740286088
        }
      ]
    },
    {
      "title": "",
      "media_list_data": [
        
      ],
      "string_list_data": [
        {
          "href": "https://www.instagram.com/cnstnzbsp",
          "value": "cnstnzbsp",
          "timestamp": 1739976821
        }
      ]
    },
    {
      "title": "",
      "media_list_data": [
        
      ],
      "string_list_data": [
        {
          "href": "https://www.instagram.com/mxngxla",
          "value": "mxngxla",
          "timestamp": 1739518918
        }
      ]
    },
    {
      "title": "",
      "media_list_data": [
        
      ],
      "string_list_data": [
        {
          "href": "https://www.instagram.com/franjmm_",
          "value": "franjmm_",
          "timestamp": 1739509181
        }
      ]
    },
    {
      "title": "",
      "media_list_data": [
        
      ],
      "string_list_data": [
        {
          "href": "https://www.instagram.com/_.svgv.___",
          "value": "_.svgv.___",
          "timestamp": 1738955095
        }
      ]
    }
  ]
}