{
  "relationships_unfollowed_users": [
    {
      "title": "",
      "media_list_data": [
        
      ],
      "string_list_data": [
        {
          "href": "https://www.instagram.com/soul_sucker3333",
          "value": "soul_sucker3333",
          "timestamp": 1741058435
        }
      ]
    },
    {
      "title": "",
      "media_list_data": [
        
      ],
      "string_list_data": [
        {
          "href": "https://www.instagram.com/fabiabarca01",
          "value": "fabiabarca01",
          "timestamp": 1741058387
        }
      ]
    },
    {
      "title": "",
      "media_list_data": [
        
      ],
      "string_list_data": [
        {
          "href": "https://www.instagram.com/flixbus_chile",
          "value": "flixbus_chile",
          "timestamp": 1740940379
        }
      ]
    },
    {
      "title": "",
      "media_list_data": [
        
      ],
      "string_list_data": [
        {
          "href": "https://www.instagram.com/joyfulcoupless",
          "value": "joyfulcoupless",
          "timestamp": 1740940376
        }
      ]
    },
    {
      "title": "",
      "media_list_data": [
        
      ],
      "string_list_data": [
        {
          "href": "https://www.instagram.com/estefaniaromero_21",
          "value": "estefaniaromero_21",
          "timestamp": 1740768827
        }
      ]
    },
    {
      "title": "",
      "media_list_data": [
        
      ],
      "string_list_data": [
        {
          "href": "https://www.instagram.com/pizzahutcl",
          "value": "pizzahutcl",
          "timestamp": 1740768595
        }
      ]
    },
    {
      "title": "",
      "media_list_data": [
        
      ],
      "string_list_data": [
        {
          "href": "https://www.instagram.com/maximilianorayon",
          "value": "maximilianorayon",
          "timestamp": 1740615909
        }
      ]
    },
    {
      "title": "",
      "media_list_data": [
        
      ],
      "string_list_data": [
        {
          "href": "https://www.instagram.com/heil.the.sun",
          "value": "heil.the.sun",
          "timestamp": 1740610483
        }
      ]
    },
    {
      "title": "",
      "media_list_data": [
        
      ],
      "string_list_data": [
        {
          "href": "https://www.instagram.com/elinvestigadorof",
          "value": "elinvestigadorof",
          "timestamp": 1740540763
        }
      ]
    },
    {
      "title": "",
      "media_list_data": [
        
      ],
      "string_list_data": [
        {
          "href": "https://www.instagram.com/whatbegoingonincleveland",
          "value": "whatbegoingonincleveland",
          "timestamp": 1740539361
        }
      ]
    },
    {
      "title": "",
      "media_list_data": [
        
      ],
      "string_list_data": [
        {
          "href": "https://www.instagram.com/memitoslatinos",
          "value": "memitoslatinos",
          "timestamp": 1740462865
        }
      ]
    },
    {
      "title": "",
      "media_list_data": [
        
      ],
      "string_list_data": [
        {
          "href": "https://www.instagram.com/olvidodevivir",
          "value": "olvidodevivir",
          "timestamp": 1740438898
        }
      ]
    },
    {
      "title": "",
      "media_list_data": [
        
      ],
      "string_list_data": [
        {
          "href": "https://www.instagram.com/005.javittaaaq",
          "value": "005.javittaaaq",
          "timestamp": 1740369462
        }
      ]
    },
    {
      "title": "",
      "media_list_data": [
        
      ],
      "string_list_data": [
        {
          "href": "https://www.instagram.com/motelplazacordillera",
          "value": "motelplazacordillera",
          "timestamp": 1740346220
        }
      ]
    },
    {
      "title": "",
      "media_list_data": [
        
      ],
      "string_list_data": [
        {
          "href": "https://www.instagram.com/annnaa.carterrr",
          "value": "annnaa.carterrr",
          "timestamp": 1740344823
        }
      ]
    },
    {
      "title": "",
      "media_list_data": [
        
      ],
      "string_list_data": [
        {
          "href": "https://www.instagram.com/kaojevalds",
          "value": "kaojevalds",
          "timestamp": 1740330200
        }
      ]
    },
    {
      "title": "",
      "media_list_data": [
        
      ],
      "string_list_data": [
        {
          "href": "https://www.instagram.com/idk.n4ty",
          "value": "idk.n4ty",
          "timestamp": 1740195263
        }
      ]
    },
    {
      "title": "",
      "media_list_data": [
        
      ],
      "string_list_data": [
        {
          "href": "https://www.instagram.com/anndreeavw",
          "value": "anndreeavw",
          "timestamp": 1740192282
        }
      ]
    },
    {
      "title": "",
      "media_list_data": [
        
      ],
      "string_list_data": [
        {
          "href": "https://www.instagram.com/otakatsumi_",
          "value": "otakatsumi_",
          "timestamp": 1740159933
        }
      ]
    },
    {
      "title": "",
      "media_list_data": [
        
      ],
      "string_list_data": [
        {
          "href": "https://www.instagram.com/wareternaal",
          "value": "wareternaal",
          "timestamp": 1740115477
        }
      ]
    },
    {
      "title": "",
      "media_list_data": [
        
      ],
      "string_list_data": [
        {
          "href": "https://www.instagram.com/hollandtonka",
          "value": "hollandtonka",
          "timestamp": 1740115468
        }
      ]
    },
    {
      "title": "",
      "media_list_data": [
        
      ],
      "string_list_data": [
        {
          "href": "https://www.instagram.com/camilaignciaa",
          "value": "camilaignciaa",
          "timestamp": 1740115453
        }
      ]
    },
    {
      "title": "",
      "media_list_data": [
        
      ],
      "string_list_data": [
        {
          "href": "https://www.instagram.com/_constanzaaosorio_",
          "value": "_constanzaaosorio_",
          "timestamp": 1740115437
        }
      ]
    },
    {
      "title": "",
      "media_list_data": [
        
      ],
      "string_list_data": [
        {
          "href": "https://www.instagram.com/alexa_garciaa0",
          "value": "alexa_garciaa0",
          "timestamp": 1740113761
        }
      ]
    },
    {
      "title": "",
      "media_list_data": [
        
      ],
      "string_list_data": [
        {
          "href": "https://www.instagram.com/strawberrywon_ck",
          "value": "strawberrywon_ck",
          "timestamp": 1740113756
        }
      ]
    },
    {
      "title": "",
      "media_list_data": [
        
      ],
      "string_list_data": [
        {
          "href": "https://www.instagram.com/khezit0",
          "value": "khezit0",
          "timestamp": 1740106367
        }
      ]
    },
    {
      "title": "",
      "media_list_data": [
        
      ],
      "string_list_data": [
        {
          "href": "https://www.instagram.com/naibaraz",
          "value": "naibaraz",
          "timestamp": 1740106347
        }
      ]
    },
    {
      "title": "",
      "media_list_data": [
        
      ],
      "string_list_data": [
        {
          "href": "https://www.instagram.com/mary_kushiami",
          "value": "mary_kushiami",
          "timestamp": 1739941903
        }
      ]
    },
    {
      "title": "",
      "media_list_data": [
        
      ],
      "string_list_data": [
        {
          "href": "https://www.instagram.com/maaniatiika",
          "value": "maaniatiika",
          "timestamp": 1739651640
        }
      ]
    },
    {
      "title": "",
      "media_list_data": [
        
      ],
      "string_list_data": [
        {
          "href": "https://www.instagram.com/itsophh_",
          "value": "itsophh_",
          "timestamp": 1739519929
        }
      ]
    },
    {
      "title": "",
      "media_list_data": [
        
      ],
      "string_list_data": [
        {
          "href": "https://www.instagram.com/angelanatali_",
          "value": "angelanatali_",
          "timestamp": 1738780503
        }
      ]
    },
    {
      "title": "",
      "media_list_data": [
        
      ],
      "string_list_data": [
        {
          "href": "https://www.instagram.com/kfcchile",
          "value": "kfcchile",
          "timestamp": 1738523541
        }
      ]
    },
    {
      "title": "",
      "media_list_data": [
        
      ],
      "string_list_data": [
        {
          "href": "https://www.instagram.com/2810.3012",
          "value": "2810.3012",
          "timestamp": 1738259157
        }
      ]
    },
    {
      "title": "",
      "media_list_data": [
        
      ],
      "string_list_data": [
        {
          "href": "https://www.instagram.com/piecemakerla",
          "value": "piecemakerla",
          "timestamp": 1738251885
        }
      ]
    },
    {
      "title": "",
      "media_list_data": [
        
      ],
      "string_list_data": [
        {
          "href": "https://www.instagram.com/yardasametros",
          "value": "yardasametros",
          "timestamp": 1738099055
        }
      ]
    },
    {
      "title": "",
      "media_list_data": [
        
      ],
      "string_list_data": [
        {
          "href": "https://www.instagram.com/guedezzz.cee",
          "value": "guedezzz.cee",
          "timestamp": 1737939398
        }
      ]
    },
    {
      "title": "",
      "media_list_data": [
        
      ],
      "string_list_data": [
        {
          "href": "https://www.instagram.com/fraanspinelli",
          "value": "fraanspinelli",
          "timestamp": 1737234874
        }
      ]
    },
    {
      "title": "",
      "media_list_data": [
        
      ],
      "string_list_data": [
        {
          "href": "https://www.instagram.com/_barbiee_fake_",
          "value": "_barbiee_fake_",
          "timestamp": 1737171289
        }
      ]
    },
    {
      "title": "",
      "media_list_data": [
        
      ],
      "string_list_data": [
        {
          "href": "https://www.instagram.com/00799jk",
          "value": "00799jk",
          "timestamp": 1736912714
        }
      ]
    },
    {
      "title": "",
      "media_list_data": [
        
      ],
      "string_list_data": [
        {
          "href": "https://www.instagram.com/antocabello._",
          "value": "antocabello._",
          "timestamp": 1736829453
        }
      ]
    },
    {
      "title": "",
      "media_list_data": [
        
      ],
      "string_list_data": [
        {
          "href": "https://www.instagram.com/kysemoficial",
          "value": "kysemoficial",
          "timestamp": 1736745420
        }
      ]
    },
    {
      "title": "",
      "media_list_data": [
        
      ],
      "string_list_data": [
        {
          "href": "https://www.instagram.com/eldanycll",
          "value": "eldanycll",
          "timestamp": 1736360761
        }
      ]
    },
    {
      "title": "",
      "media_list_data": [
        
      ],
      "string_list_data": [
        {
          "href": "https://www.instagram.com/misti.kaa",
          "value": "misti.kaa",
          "timestamp": 1736219437
        }
      ]
    },
    {
      "title": "",
      "media_list_data": [
        
      ],
      "string_list_data": [
        {
          "href": "https://www.instagram.com/flanchota",
          "value": "flanchota",
          "timestamp": 1736115229
        }
      ]
    }
  ]
}