{
  "relationships_permanent_follow_requests": [
    {
      "title": "",
      "media_list_data": [
        
      ],
      "string_list_data": [
        {
          "href": "https://www.instagram.com/_.xoxo.sofi_",
          "value": "_.xoxo.sofi_",
          "timestamp": 1741043509
        }
      ]
    },
    {
      "title": "",
      "media_list_data": [
        
      ],
      "string_list_data": [
        {
          "href": "https://www.instagram.com/00abelen__",
          "value": "00abelen__",
          "timestamp": 1741041914
        }
      ]
    },
    {
      "title": "",
      "media_list_data": [
        
      ],
      "string_list_data": [
        {
          "href": "https://www.instagram.com/agujetitas",
          "value": "agujetitas",
          "timestamp": 1740951221
        }
      ]
    },
    {
      "title": "",
      "media_list_data": [
        
      ],
      "string_list_data": [
        {
          "href": "https://www.instagram.com/fernanndv.v",
          "value": "fernanndv.v",
          "timestamp": 1740935331
        }
      ]
    },
    {
      "title": "",
      "media_list_data": [
        
      ],
      "string_list_data": [
        {
          "href": "https://www.instagram.com/natalyclpz",
          "value": "natalyclpz",
          "timestamp": 1740880187
        }
      ]
    },
    {
      "title": "",
      "media_list_data": [
        
      ],
      "string_list_data": [
        {
          "href": "https://www.instagram.com/n.omi.s_",
          "value": "n.omi.s_",
          "timestamp": 1740444265
        }
      ]
    },
    {
      "title": "",
      "media_list_data": [
        
      ],
      "string_list_data": [
        {
          "href": "https://www.instagram.com/ig.ignvciv",
          "value": "ig.ignvciv",
          "timestamp": 1740286088
        }
      ]
    },
    {
      "title": "",
      "media_list_data": [
        
      ],
      "string_list_data": [
        {
          "href": "https://www.instagram.com/arivlop_",
          "value": "arivlop_",
          "timestamp": 1740286082
        }
      ]
    },
    {
      "title": "",
      "media_list_data": [
        
      ],
      "string_list_data": [
        {
          "href": "https://www.instagram.com/amandanskui",
          "value": "amandanskui",
          "timestamp": 1740286048
        }
      ]
    },
    {
      "title": "",
      "media_list_data": [
        
      ],
      "string_list_data": [
        {
          "href": "https://www.instagram.com/alebelenn",
          "value": "alebelenn",
          "timestamp": 1740267326
        }
      ]
    },
    {
      "title": "",
      "media_list_data": [
        
      ],
      "string_list_data": [
        {
          "href": "https://www.instagram.com/annnaa.carterrr",
          "value": "annnaa.carterrr",
          "timestamp": 1740203312
        }
      ]
    },
    {
      "title": "",
      "media_list_data": [
        
      ],
      "string_list_data": [
        {
          "href": "https://www.instagram.com/idk.n4ty",
          "value": "idk.n4ty",
          "timestamp": 1740184485
        }
      ]
    },
    {
      "title": "",
      "media_list_data": [
        
      ],
      "string_list_data": [
        {
          "href": "https://www.instagram.com/soul_sucker3333",
          "value": "soul_sucker3333",
          "timestamp": 1740112717
        }
      ]
    },
    {
      "title": "",
      "media_list_data": [
        
      ],
      "string_list_data": [
        {
          "href": "https://www.instagram.com/cnstnzbsp",
          "value": "cnstnzbsp",
          "timestamp": 1739976821
        }
      ]
    },
    {
      "title": "",
      "media_list_data": [
        
      ],
      "string_list_data": [
        {
          "href": "https://www.instagram.com/zuelectro_",
          "value": "zuelectro_",
          "timestamp": 1739918335
        }
      ]
    },
    {
      "title": "",
      "media_list_data": [
        
      ],
      "string_list_data": [
        {
          "href": "https://www.instagram.com/otakatsumi_",
          "value": "otakatsumi_",
          "timestamp": 1739901380
        }
      ]
    },
    {
      "title": "",
      "media_list_data": [
        
      ],
      "string_list_data": [
        {
          "href": "https://www.instagram.com/yolaemiiii",
          "value": "yolaemiiii",
          "timestamp": 1739818893
        }
      ]
    },
    {
      "title": "",
      "media_list_data": [
        
      ],
      "string_list_data": [
        {
          "href": "https://www.instagram.com/evelinantnia",
          "value": "evelinantnia",
          "timestamp": 1739672279
        }
      ]
    },
    {
      "title": "",
      "media_list_data": [
        
      ],
      "string_list_data": [
        {
          "href": "https://www.instagram.com/mary_kushiami",
          "value": "mary_kushiami",
          "timestamp": 1739520165
        }
      ]
    },
    {
      "title": "",
      "media_list_data": [
        
      ],
      "string_list_data": [
        {
          "href": "https://www.instagram.com/mxngxla",
          "value": "mxngxla",
          "timestamp": 1739518918
        }
      ]
    },
    {
      "title": "",
      "media_list_data": [
        
      ],
      "string_list_data": [
        {
          "href": "https://www.instagram.com/franjmm_",
          "value": "franjmm_",
          "timestamp": 1739509181
        }
      ]
    },
    {
      "title": "",
      "media_list_data": [
        
      ],
      "string_list_data": [
        {
          "href": "https://www.instagram.com/maaniatiika",
          "value": "maaniatiika",
          "timestamp": 1739379163
        }
      ]
    },
    {
      "title": "",
      "media_list_data": [
        
      ],
      "string_list_data": [
        {
          "href": "https://www.instagram.com/_.svgv.___",
          "value": "_.svgv.___",
          "timestamp": 1738955095
        }
      ]
    },
    {
      "title": "",
      "media_list_data": [
        
      ],
      "string_list_data": [
        {
          "href": "https://www.instagram.com/camilaignciaa",
          "value": "camilaignciaa",
          "timestamp": 1738681841
        }
      ]
    },
    {
      "title": "",
      "media_list_data": [
        
      ],
      "string_list_data": [
        {
          "href": "https://www.instagram.com/teffnny_",
          "value": "teffnny_",
          "timestamp": 1738012805
        }
      ]
    },
    {
      "title": "",
      "media_list_data": [
        
      ],
      "string_list_data": [
        {
          "href": "https://www.instagram.com/imartii.u",
          "value": "imartii.u",
          "timestamp": 1737772487
        }
      ]
    },
    {
      "title": "",
      "media_list_data": [
        
      ],
      "string_list_data": [
        {
          "href": "https://www.instagram.com/jaz_h.m",
          "value": "jaz_h.m",
          "timestamp": 1737769241
        }
      ]
    },
    {
      "title": "",
      "media_list_data": [
        
      ],
      "string_list_data": [
        {
          "href": "https://www.instagram.com/_constanzaaosorio_",
          "value": "_constanzaaosorio_",
          "timestamp": 1737258718
        }
      ]
    },
    {
      "title": "",
      "media_list_data": [
        
      ],
      "string_list_data": [
        {
          "href": "https://www.instagram.com/fraanspinelli",
          "value": "fraanspinelli",
          "timestamp": 1737234876
        }
      ]
    },
    {
      "title": "",
      "media_list_data": [
        
      ],
      "string_list_data": [
        {
          "href": "https://www.instagram.com/clauuu_cx",
          "value": "clauuu_cx",
          "timestamp": 1737172107
        }
      ]
    },
    {
      "title": "",
      "media_list_data": [
        
      ],
      "string_list_data": [
        {
          "href": "https://www.instagram.com/j.aracely_",
          "value": "j.aracely_",
          "timestamp": 1737159981
        }
      ]
    },
    {
      "title": "",
      "media_list_data": [
        
      ],
      "string_list_data": [
        {
          "href": "https://www.instagram.com/martna_d",
          "value": "martna_d",
          "timestamp": 1737086452
        }
      ]
    },
    {
      "title": "",
      "media_list_data": [
        
      ],
      "string_list_data": [
        {
          "href": "https://www.instagram.com/roberto_rodri2021",
          "value": "roberto_rodri2021",
          "timestamp": 1737075810
        }
      ]
    },
    {
      "title": "",
      "media_list_data": [
        
      ],
      "string_list_data": [
        {
          "href": "https://www.instagram.com/antocabello._",
          "value": "antocabello._",
          "timestamp": 1736995073
        }
      ]
    },
    {
      "title": "",
      "media_list_data": [
        
      ],
      "string_list_data": [
        {
          "href": "https://www.instagram.com/lorena_anais14",
          "value": "lorena_anais14",
          "timestamp": 1736991672
        }
      ]
    },
    {
      "title": "",
      "media_list_data": [
        
      ],
      "string_list_data": [
        {
          "href": "https://www.instagram.com/00799jk",
          "value": "00799jk",
          "timestamp": 1736912279
        }
      ]
    },
    {
      "title": "",
      "media_list_data": [
        
      ],
      "string_list_data": [
        {
          "href": "https://www.instagram.com/_privvv.m1",
          "value": "_privvv.m1",
          "timestamp": 1736825228
        }
      ]
    },
    {
      "title": "",
      "media_list_data": [
        
      ],
      "string_list_data": [
        {
          "href": "https://www.instagram.com/marti.machuca.c",
          "value": "marti.machuca.c",
          "timestamp": 1736814689
        }
      ]
    },
    {
      "title": "",
      "media_list_data": [
        
      ],
      "string_list_data": [
        {
          "href": "https://www.instagram.com/hollandtonka",
          "value": "hollandtonka",
          "timestamp": 1736564334
        }
      ]
    },
    {
      "title": "",
      "media_list_data": [
        
      ],
      "string_list_data": [
        {
          "href": "https://www.instagram.com/alissc.r",
          "value": "alissc.r",
          "timestamp": 1736536636
        }
      ]
    },
    {
      "title": "",
      "media_list_data": [
        
      ],
      "string_list_data": [
        {
          "href": "https://www.instagram.com/md_bendecido6.5",
          "value": "md_bendecido6.5",
          "timestamp": 1736285742
        }
      ]
    },
    {
      "title": "",
      "media_list_data": [
        
      ],
      "string_list_data": [
        {
          "href": "https://www.instagram.com/sofivmontvner",
          "value": "sofivmontvner",
          "timestamp": 1736219418
        }
      ]
    },
    {
      "title": "",
      "media_list_data": [
        
      ],
      "string_list_data": [
        {
          "href": "https://www.instagram.com/knnibu",
          "value": "knnibu",
          "timestamp": 1735701629
        }
      ]
    },
    {
      "title": "",
      "media_list_data": [
        
      ],
      "string_list_data": [
        {
          "href": "https://www.instagram.com/0111usrm",
          "value": "0111usrm",
          "timestamp": 1735658318
        }
      ]
    },
    {
      "title": "",
      "media_list_data": [
        
      ],
      "string_list_data": [
        {
          "href": "https://www.instagram.com/_sonia.constanza_",
          "value": "_sonia.constanza_",
          "timestamp": 1735518974
        }
      ]
    },
    {
      "title": "",
      "media_list_data": [
        
      ],
      "string_list_data": [
        {
          "href": "https://www.instagram.com/yaelytuarez",
          "value": "yaelytuarez",
          "timestamp": 1735276851
        }
      ]
    },
    {
      "title": "",
      "media_list_data": [
        
      ],
      "string_list_data": [
        {
          "href": "https://www.instagram.com/__.fraaaaaaan.__",
          "value": "__.fraaaaaaan.__",
          "timestamp": 1735276624
        }
      ]
    },
    {
      "title": "",
      "media_list_data": [
        
      ],
      "string_list_data": [
        {
          "href": "https://www.instagram.com/martipazz._",
          "value": "martipazz._",
          "timestamp": 1735139921
        }
      ]
    },
    {
      "title": "",
      "media_list_data": [
        
      ],
      "string_list_data": [
        {
          "href": "https://www.instagram.com/shelby_.2.0._",
          "value": "shelby_.2.0._",
          "timestamp": 1734644793
        }
      ]
    },
    {
      "title": "",
      "media_list_data": [
        
      ],
      "string_list_data": [
        {
          "href": "https://www.instagram.com/antenazos.s",
          "value": "antenazos.s",
          "timestamp": 1734479186
        }
      ]
    },
    {
      "title": "",
      "media_list_data": [
        
      ],
      "string_list_data": [
        {
          "href": "https://www.instagram.com/carhyjk",
          "value": "carhyjk",
          "timestamp": 1734361009
        }
      ]
    },
    {
      "title": "",
      "media_list_data": [
        
      ],
      "string_list_data": [
        {
          "href": "https://www.instagram.com/isiii.constanzv",
          "value": "isiii.constanzv",
          "timestamp": 1734146318
        }
      ]
    },
    {
      "title": "",
      "media_list_data": [
        
      ],
      "string_list_data": [
        {
          "href": "https://www.instagram.com/djsidhk",
          "value": "djsidhk",
          "timestamp": 1734048169
        }
      ]
    },
    {
      "title": "",
      "media_list_data": [
        
      ],
      "string_list_data": [
        {
          "href": "https://www.instagram.com/xio_lcs",
          "value": "xio_lcs",
          "timestamp": 1734048164
        }
      ]
    },
    {
      "title": "",
      "media_list_data": [
        
      ],
      "string_list_data": [
        {
          "href": "https://www.instagram.com/_.yvni._",
          "value": "_.yvni._",
          "timestamp": 1734048162
        }
      ]
    },
    {
      "title": "",
      "media_list_data": [
        
      ],
      "string_list_data": [
        {
          "href": "https://www.instagram.com/coonny.c",
          "value": "coonny.c",
          "timestamp": 1734048146
        }
      ]
    },
    {
      "title": "",
      "media_list_data": [
        
      ],
      "string_list_data": [
        {
          "href": "https://www.instagram.com/catalina__2410",
          "value": "catalina__2410",
          "timestamp": 1734048139
        }
      ]
    },
    {
      "title": "",
      "media_list_data": [
        
      ],
      "string_list_data": [
        {
          "href": "https://www.instagram.com/heil.the.sun",
          "value": "heil.the.sun",
          "timestamp": 1734048118
        }
      ]
    },
    {
      "title": "",
      "media_list_data": [
        
      ],
      "string_list_data": [
        {
          "href": "https://www.instagram.com/fer.rubio.rubio",
          "value": "fer.rubio.rubio",
          "timestamp": 1734048114
        }
      ]
    },
    {
      "title": "",
      "media_list_data": [
        
      ],
      "string_list_data": [
        {
          "href": "https://www.instagram.com/slowmotionstyle",
          "value": "slowmotionstyle",
          "timestamp": 1734033124
        }
      ]
    },
    {
      "title": "",
      "media_list_data": [
        
      ],
      "string_list_data": [
        {
          "href": "https://www.instagram.com/898.lilii",
          "value": "898.lilii",
          "timestamp": 1733884189
        }
      ]
    },
    {
      "title": "",
      "media_list_data": [
        
      ],
      "string_list_data": [
        {
          "href": "https://www.instagram.com/salazar_xcv",
          "value": "salazar_xcv",
          "timestamp": 1733757293
        }
      ]
    },
    {
      "title": "",
      "media_list_data": [
        
      ],
      "string_list_data": [
        {
          "href": "https://www.instagram.com/bvel.hl",
          "value": "bvel.hl",
          "timestamp": 1733451409
        }
      ]
    },
    {
      "title": "",
      "media_list_data": [
        
      ],
      "string_list_data": [
        {
          "href": "https://www.instagram.com/haechansitoooo",
          "value": "haechansitoooo",
          "timestamp": 1733451380
        }
      ]
    },
    {
      "title": "",
      "media_list_data": [
        
      ],
      "string_list_data": [
        {
          "href": "https://www.instagram.com/kichi_chi_",
          "value": "kichi_chi_",
          "timestamp": 1733449726
        }
      ]
    }
  ]
}