{
  "relationships_dismissed_suggested_users": [
    {
      "title": "",
      "media_list_data": [
        
      ],
      "string_list_data": [
        {
          "href": "https://www.instagram.com/chldla_",
          "value": "chldla_",
          "timestamp": 1737485860
        }
      ]
    },
    {
      "title": "",
      "media_list_data": [
        
      ],
      "string_list_data": [
        {
          "href": "https://www.instagram.com/25.10.24p",
          "value": "25.10.24p",
          "timestamp": 1735403592
        }
      ]
    },
    {
      "title": "",
      "media_list_data": [
        
      ],
      "string_list_data": [
        {
          "href": "https://www.instagram.com/15antoniiiaa_",
          "value": "15antoniiiaa_",
          "timestamp": 1735403591
        }
      ]
    },
    {
      "title": "",
      "media_list_data": [
        
      ],
      "string_list_data": [
        {
          "href": "https://www.instagram.com/ss.fern4nd_",
          "value": "ss.fern4nd_",
          "timestamp": 1735403589
        }
      ]
    },
    {
      "title": "",
      "media_list_data": [
        
      ],
      "string_list_data": [
        {
          "href": "https://www.instagram.com/magentaa1",
          "value": "magentaa1",
          "timestamp": 1731208947
        }
      ]
    },
    {
      "title": "",
      "media_list_data": [
        
      ],
      "string_list_data": [
        {
          "href": "https://www.instagram.com/dreams_vsv",
          "value": "dreams_vsv",
          "timestamp": 1730733363
        }
      ]
    },
    {
      "title": "",
      "media_list_data": [
        
      ],
      "string_list_data": [
        {
          "href": "https://www.instagram.com/conyyytaa._",
          "value": "conyyytaa._",
          "timestamp": 1730733361
        }
      ]
    },
    {
      "title": "",
      "media_list_data": [
        
      ],
      "string_list_data": [
        {
          "href": "https://www.instagram.com/valitaisla",
          "value": "valitaisla",
          "timestamp": 1730733359
        }
      ]
    },
    {
      "title": "",
      "media_list_data": [
        
      ],
      "string_list_data": [
        {
          "href": "https://www.instagram.com/989error",
          "value": "989error",
          "timestamp": 1730726851
        }
      ]
    },
    {
      "title": "",
      "media_list_data": [
        
      ],
      "string_list_data": [
        {
          "href": "https://www.instagram.com/diego_cdlp",
          "value": "diego_cdlp",
          "timestamp": 1730670088
        }
      ]
    },
    {
      "title": "",
      "media_list_data": [
        
      ],
      "string_list_data": [
        {
          "href": "https://www.instagram.com/fraan_mh_",
          "value": "fraan_mh_",
          "timestamp": 1728696541
        }
      ]
    },
    {
      "title": "",
      "media_list_data": [
        
      ],
      "string_list_data": [
        {
          "href": "https://www.instagram.com/amaakoo",
          "value": "amaakoo",
          "timestamp": 1728696539
        }
      ]
    },
    {
      "title": "",
      "media_list_data": [
        
      ],
      "string_list_data": [
        {
          "href": "https://www.instagram.com/bbybarbhie",
          "value": "bbybarbhie",
          "timestamp": 1728696537
        }
      ]
    },
    {
      "title": "",
      "media_list_data": [
        
      ],
      "string_list_data": [
        {
          "href": "https://www.instagram.com/skibidi_deyanet",
          "value": "skibidi_deyanet",
          "timestamp": 1726615870
        }
      ]
    },
    {
      "title": "",
      "media_list_data": [
        
      ],
      "string_list_data": [
        {
          "href": "https://www.instagram.com/domivarq921",
          "value": "domivarq921",
          "timestamp": 1726615869
        }
      ]
    },
    {
      "title": "",
      "media_list_data": [
        
      ],
      "string_list_data": [
        {
          "href": "https://www.instagram.com/15.esperanza",
          "value": "15.esperanza",
          "timestamp": 1726615867
        }
      ]
    },
    {
      "title": "",
      "media_list_data": [
        
      ],
      "string_list_data": [
        {
          "href": "https://www.instagram.com/lunavegahernandez",
          "value": "lunavegahernandez",
          "timestamp": 1726615866
        }
      ]
    },
    {
      "title": "",
      "media_list_data": [
        
      ],
      "string_list_data": [
        {
          "href": "https://www.instagram.com/_damixzq_",
          "value": "_damixzq_",
          "timestamp": 1726615865
        }
      ]
    },
    {
      "title": "",
      "media_list_data": [
        
      ],
      "string_list_data": [
        {
          "href": "https://www.instagram.com/jay.gait20",
          "value": "jay.gait20",
          "timestamp": 1726615861
        }
      ]
    },
    {
      "title": "",
      "media_list_data": [
        
      ],
      "string_list_data": [
        {
          "href": "https://www.instagram.com/d.antonella_5",
          "value": "d.antonella_5",
          "timestamp": 1726615860
        }
      ]
    },
    {
      "title": "",
      "media_list_data": [
        
      ],
      "string_list_data": [
        {
          "href": "https://www.instagram.com/sxray910",
          "value": "sxray910",
          "timestamp": 1726615857
        }
      ]
    },
    {
      "title": "",
      "media_list_data": [
        
      ],
      "string_list_data": [
        {
          "href": "https://www.instagram.com/flvrenciappv",
          "value": "flvrenciappv",
          "timestamp": 1726615855
        }
      ]
    },
    {
      "title": "",
      "media_list_data": [
        
      ],
      "string_list_data": [
        {
          "href": "https://www.instagram.com/cespedesmorales777",
          "value": "cespedesmorales777",
          "timestamp": 1726615854
        }
      ]
    },
    {
      "title": "",
      "media_list_data": [
        
      ],
      "string_list_data": [
        {
          "href": "https://www.instagram.com/hyxxc_.javi",
          "value": "hyxxc_.javi",
          "timestamp": 1726615851
        }
      ]
    },
    {
      "title": "",
      "media_list_data": [
        
      ],
      "string_list_data": [
        {
          "href": "https://www.instagram.com/ana.mxriiaa",
          "value": "ana.mxriiaa",
          "timestamp": 1726573864
        }
      ]
    },
    {
      "title": "",
      "media_list_data": [
        
      ],
      "string_list_data": [
        {
          "href": "https://www.instagram.com/pvnaxito_yuu",
          "value": "pvnaxito_yuu",
          "timestamp": 1717813422
        }
      ]
    },
    {
      "title": "",
      "media_list_data": [
        
      ],
      "string_list_data": [
        {
          "href": "https://www.instagram.com/vid_01.06",
          "value": "vid_01.06",
          "timestamp": 1715831216
        }
      ]
    },
    {
      "title": "",
      "media_list_data": [
        
      ],
      "string_list_data": [
        {
          "href": "https://www.instagram.com/jjreeyes",
          "value": "jjreeyes",
          "timestamp": 1715741239
        }
      ]
    },
    {
      "title": "",
      "media_list_data": [
        
      ],
      "string_list_data": [
        {
          "href": "https://www.instagram.com/4_rida_raccoon_6",
          "value": "4_rida_raccoon_6",
          "timestamp": 1715741226
        }
      ]
    },
    {
      "title": "",
      "media_list_data": [
        
      ],
      "string_list_data": [
        {
          "href": "https://www.instagram.com/tomasf.17",
          "value": "tomasf.17",
          "timestamp": 1715741221
        }
      ]
    },
    {
      "title": "",
      "media_list_data": [
        
      ],
      "string_list_data": [
        {
          "href": "https://www.instagram.com/sendlovelinz",
          "value": "sendlovelinz",
          "timestamp": 1715470688
        }
      ]
    },
    {
      "title": "",
      "media_list_data": [
        
      ],
      "string_list_data": [
        {
          "href": "https://www.instagram.com/litubeleza",
          "value": "litubeleza",
          "timestamp": 1714915322
        }
      ]
    },
    {
      "title": "",
      "media_list_data": [
        
      ],
      "string_list_data": [
        {
          "href": "https://www.instagram.com/curio.xity",
          "value": "curio.xity",
          "timestamp": 1714915321
        }
      ]
    },
    {
      "title": "",
      "media_list_data": [
        
      ],
      "string_list_data": [
        {
          "href": "https://www.instagram.com/dem0dem0",
          "value": "dem0dem0",
          "timestamp": 1714915320
        }
      ]
    },
    {
      "title": "",
      "media_list_data": [
        
      ],
      "string_list_data": [
        {
          "href": "https://www.instagram.com/yocee_rt",
          "value": "yocee_rt",
          "timestamp": 1714915312
        }
      ]
    },
    {
      "title": "",
      "media_list_data": [
        
      ],
      "string_list_data": [
        {
          "href": "https://www.instagram.com/rodrigo__donoso",
          "value": "rodrigo__donoso",
          "timestamp": 1714915302
        }
      ]
    },
    {
      "title": "",
      "media_list_data": [
        
      ],
      "string_list_data": [
        {
          "href": "https://www.instagram.com/barbero_jhony_",
          "value": "barbero_jhony_",
          "timestamp": 1714915302
        }
      ]
    },
    {
      "title": "",
      "media_list_data": [
        
      ],
      "string_list_data": [
        {
          "href": "https://www.instagram.com/_cuarto_medio_a_",
          "value": "_cuarto_medio_a_",
          "timestamp": 1714915301
        }
      ]
    },
    {
      "title": "",
      "media_list_data": [
        
      ],
      "string_list_data": [
        {
          "href": "https://www.instagram.com/rincon_del_sabor__",
          "value": "rincon_del_sabor__",
          "timestamp": 1714915288
        }
      ]
    },
    {
      "title": "",
      "media_list_data": [
        
      ],
      "string_list_data": [
        {
          "href": "https://www.instagram.com/elkatashi",
          "value": "elkatashi",
          "timestamp": 1714915286
        }
      ]
    },
    {
      "title": "",
      "media_list_data": [
        
      ],
      "string_list_data": [
        {
          "href": "https://www.instagram.com/ind.musical_lber",
          "value": "ind.musical_lber",
          "timestamp": 1714915285
        }
      ]
    },
    {
      "title": "",
      "media_list_data": [
        
      ],
      "string_list_data": [
        {
          "href": "https://www.instagram.com/_.nicolas_gabriel20",
          "value": "_.nicolas_gabriel20",
          "timestamp": 1714915283
        }
      ]
    },
    {
      "title": "",
      "media_list_data": [
        
      ],
      "string_list_data": [
        {
          "href": "https://www.instagram.com/20.12.20_17",
          "value": "20.12.20_17",
          "timestamp": 1714915280
        }
      ]
    },
    {
      "title": "",
      "media_list_data": [
        
      ],
      "string_list_data": [
        {
          "href": "https://www.instagram.com/malfoyserina",
          "value": "malfoyserina",
          "timestamp": 1714915279
        }
      ]
    },
    {
      "title": "",
      "media_list_data": [
        
      ],
      "string_list_data": [
        {
          "href": "https://www.instagram.com/stranger__hunters",
          "value": "stranger__hunters",
          "timestamp": 1714915277
        }
      ]
    },
    {
      "title": "",
      "media_list_data": [
        
      ],
      "string_list_data": [
        {
          "href": "https://www.instagram.com/agustinaatenas",
          "value": "agustinaatenas",
          "timestamp": 1714884131
        }
      ]
    },
    {
      "title": "",
      "media_list_data": [
        
      ],
      "string_list_data": [
        {
          "href": "https://www.instagram.com/chaito_.z",
          "value": "chaito_.z",
          "timestamp": 1714884130
        }
      ]
    },
    {
      "title": "",
      "media_list_data": [
        
      ],
      "string_list_data": [
        {
          "href": "https://www.instagram.com/00007.77e",
          "value": "00007.77e",
          "timestamp": 1714884126
        }
      ]
    },
    {
      "title": "",
      "media_list_data": [
        
      ],
      "string_list_data": [
        {
          "href": "https://www.instagram.com/el_ddconectado_facturando_",
          "value": "el_ddconectado_facturando_",
          "timestamp": 1714884123
        }
      ]
    },
    {
      "title": "",
      "media_list_data": [
        
      ],
      "string_list_data": [
        {
          "href": "https://www.instagram.com/dany_donoso._",
          "value": "dany_donoso._",
          "timestamp": 1714884123
        }
      ]
    },
    {
      "title": "",
      "media_list_data": [
        
      ],
      "string_list_data": [
        {
          "href": "https://www.instagram.com/arjche23.4",
          "value": "arjche23.4",
          "timestamp": 1714884122
        }
      ]
    },
    {
      "title": "",
      "media_list_data": [
        
      ],
      "string_list_data": [
        {
          "href": "https://www.instagram.com/belu.bcc",
          "value": "belu.bcc",
          "timestamp": 1714883921
        }
      ]
    },
    {
      "title": "",
      "media_list_data": [
        
      ],
      "string_list_data": [
        {
          "href": "https://www.instagram.com/jjjjjjo.av",
          "value": "jjjjjjo.av",
          "timestamp": 1714883921
        }
      ]
    },
    {
      "title": "",
      "media_list_data": [
        
      ],
      "string_list_data": [
        {
          "href": "https://www.instagram.com/savage.slay1",
          "value": "savage.slay1",
          "timestamp": 1714883920
        }
      ]
    },
    {
      "title": "",
      "media_list_data": [
        
      ],
      "string_list_data": [
        {
          "href": "https://www.instagram.com/crisdonoso123",
          "value": "crisdonoso123",
          "timestamp": 1714883919
        }
      ]
    },
    {
      "title": "",
      "media_list_data": [
        
      ],
      "string_list_data": [
        {
          "href": "https://www.instagram.com/milliecutesst",
          "value": "milliecutesst",
          "timestamp": 1714883919
        }
      ]
    },
    {
      "title": "",
      "media_list_data": [
        
      ],
      "string_list_data": [
        {
          "href": "https://www.instagram.com/anngii_.p",
          "value": "anngii_.p",
          "timestamp": 1714883918
        }
      ]
    },
    {
      "title": "",
      "media_list_data": [
        
      ],
      "string_list_data": [
        {
          "href": "https://www.instagram.com/leodiiaz.o",
          "value": "leodiiaz.o",
          "timestamp": 1714883918
        }
      ]
    },
    {
      "title": "",
      "media_list_data": [
        
      ],
      "string_list_data": [
        {
          "href": "https://www.instagram.com/fabio11_01",
          "value": "fabio11_01",
          "timestamp": 1714883917
        }
      ]
    },
    {
      "title": "",
      "media_list_data": [
        
      ],
      "string_list_data": [
        {
          "href": "https://www.instagram.com/lucia_vargas_maldo",
          "value": "lucia_vargas_maldo",
          "timestamp": 1714883917
        }
      ]
    },
    {
      "title": "",
      "media_list_data": [
        
      ],
      "string_list_data": [
        {
          "href": "https://www.instagram.com/_12marti",
          "value": "_12marti",
          "timestamp": 1714883916
        }
      ]
    },
    {
      "title": "",
      "media_list_data": [
        
      ],
      "string_list_data": [
        {
          "href": "https://www.instagram.com/_andrewaraya",
          "value": "_andrewaraya",
          "timestamp": 1714883916
        }
      ]
    },
    {
      "title": "",
      "media_list_data": [
        
      ],
      "string_list_data": [
        {
          "href": "https://www.instagram.com/confesiones_litu",
          "value": "confesiones_litu",
          "timestamp": 1714883915
        }
      ]
    },
    {
      "title": "",
      "media_list_data": [
        
      ],
      "string_list_data": [
        {
          "href": "https://www.instagram.com/mixed.fandom1",
          "value": "mixed.fandom1",
          "timestamp": 1714883915
        }
      ]
    },
    {
      "title": "",
      "media_list_data": [
        
      ],
      "string_list_data": [
        {
          "href": "https://www.instagram.com/stranger.geeks",
          "value": "stranger.geeks",
          "timestamp": 1714883914
        }
      ]
    },
    {
      "title": "",
      "media_list_data": [
        
      ],
      "string_list_data": [
        {
          "href": "https://www.instagram.com/bgonzaaleez",
          "value": "bgonzaaleez",
          "timestamp": 1714883913
        }
      ]
    },
    {
      "title": "",
      "media_list_data": [
        
      ],
      "string_list_data": [
        {
          "href": "https://www.instagram.com/antonio__rodrigo22",
          "value": "antonio__rodrigo22",
          "timestamp": 1714883912
        }
      ]
    },
    {
      "title": "",
      "media_list_data": [
        
      ],
      "string_list_data": [
        {
          "href": "https://www.instagram.com/leggo_my_eggo_now",
          "value": "leggo_my_eggo_now",
          "timestamp": 1714883912
        }
      ]
    },
    {
      "title": "",
      "media_list_data": [
        
      ],
      "string_list_data": [
        {
          "href": "https://www.instagram.com/leak.matu",
          "value": "leak.matu",
          "timestamp": 1714883911
        }
      ]
    },
    {
      "title": "",
      "media_list_data": [
        
      ],
      "string_list_data": [
        {
          "href": "https://www.instagram.com/tiare.anaiis",
          "value": "tiare.anaiis",
          "timestamp": 1714883910
        }
      ]
    },
    {
      "title": "",
      "media_list_data": [
        
      ],
      "string_list_data": [
        {
          "href": "https://www.instagram.com/upsided011wn",
          "value": "upsided011wn",
          "timestamp": 1714883909
        }
      ]
    },
    {
      "title": "",
      "media_list_data": [
        
      ],
      "string_list_data": [
        {
          "href": "https://www.instagram.com/alondra_cf_14",
          "value": "alondra_cf_14",
          "timestamp": 1714883908
        }
      ]
    },
    {
      "title": "",
      "media_list_data": [
        
      ],
      "string_list_data": [
        {
          "href": "https://www.instagram.com/diegofsoto.g",
          "value": "diegofsoto.g",
          "timestamp": 1714883906
        }
      ]
    },
    {
      "title": "",
      "media_list_data": [
        
      ],
      "string_list_data": [
        {
          "href": "https://www.instagram.com/catvlina.bvlen",
          "value": "catvlina.bvlen",
          "timestamp": 1714883905
        }
      ]
    },
    {
      "title": "",
      "media_list_data": [
        
      ],
      "string_list_data": [
        {
          "href": "https://www.instagram.com/erick_veas",
          "value": "erick_veas",
          "timestamp": 1714883895
        }
      ]
    },
    {
      "title": "",
      "media_list_data": [
        
      ],
      "string_list_data": [
        {
          "href": "https://www.instagram.com/_.nicolas_.ocampo24k",
          "value": "_.nicolas_.ocampo24k",
          "timestamp": 1714883891
        }
      ]
    },
    {
      "title": "",
      "media_list_data": [
        
      ],
      "string_list_data": [
        {
          "href": "https://www.instagram.com/_jose_hernan_a.n_",
          "value": "_jose_hernan_a.n_",
          "timestamp": 1714883890
        }
      ]
    },
    {
      "title": "",
      "media_list_data": [
        
      ],
      "string_list_data": [
        {
          "href": "https://www.instagram.com/pedroduquec",
          "value": "pedroduquec",
          "timestamp": 1714883889
        }
      ]
    },
    {
      "title": "",
      "media_list_data": [
        
      ],
      "string_list_data": [
        {
          "href": "https://www.instagram.com/rosiney_rosario",
          "value": "rosiney_rosario",
          "timestamp": 1714883887
        }
      ]
    },
    {
      "title": "",
      "media_list_data": [
        
      ],
      "string_list_data": [
        {
          "href": "https://www.instagram.com/jave.nav11",
          "value": "jave.nav11",
          "timestamp": 1714883886
        }
      ]
    },
    {
      "title": "",
      "media_list_data": [
        
      ],
      "string_list_data": [
        {
          "href": "https://www.instagram.com/smu_nita",
          "value": "smu_nita",
          "timestamp": 1714883884
        }
      ]
    },
    {
      "title": "",
      "media_list_data": [
        
      ],
      "string_list_data": [
        {
          "href": "https://www.instagram.com/ar_jesu",
          "value": "ar_jesu",
          "timestamp": 1714883882
        }
      ]
    },
    {
      "title": "",
      "media_list_data": [
        
      ],
      "string_list_data": [
        {
          "href": "https://www.instagram.com/confesiones__pulin",
          "value": "confesiones__pulin",
          "timestamp": 1714883880
        }
      ]
    },
    {
      "title": "",
      "media_list_data": [
        
      ],
      "string_list_data": [
        {
          "href": "https://www.instagram.com/hormazabal_rodrigo96",
          "value": "hormazabal_rodrigo96",
          "timestamp": 1714883879
        }
      ]
    },
    {
      "title": "",
      "media_list_data": [
        
      ],
      "string_list_data": [
        {
          "href": "https://www.instagram.com/fco_ponce1",
          "value": "fco_ponce1",
          "timestamp": 1714883878
        }
      ]
    },
    {
      "title": "",
      "media_list_data": [
        
      ],
      "string_list_data": [
        {
          "href": "https://www.instagram.com/hormazabal_diego16",
          "value": "hormazabal_diego16",
          "timestamp": 1714883877
        }
      ]
    },
    {
      "title": "",
      "media_list_data": [
        
      ],
      "string_list_data": [
        {
          "href": "https://www.instagram.com/mjei__",
          "value": "mjei__",
          "timestamp": 1714883876
        }
      ]
    },
    {
      "title": "",
      "media_list_data": [
        
      ],
      "string_list_data": [
        {
          "href": "https://www.instagram.com/dievgo.31.03.05",
          "value": "dievgo.31.03.05",
          "timestamp": 1714883874
        }
      ]
    },
    {
      "title": "",
      "media_list_data": [
        
      ],
      "string_list_data": [
        {
          "href": "https://www.instagram.com/sokitaweed",
          "value": "sokitaweed",
          "timestamp": 1714883873
        }
      ]
    },
    {
      "title": "",
      "media_list_data": [
        
      ],
      "string_list_data": [
        {
          "href": "https://www.instagram.com/flomvieira",
          "value": "flomvieira",
          "timestamp": 1714883872
        }
      ]
    },
    {
      "title": "",
      "media_list_data": [
        
      ],
      "string_list_data": [
        {
          "href": "https://www.instagram.com/freddygonzalez._",
          "value": "freddygonzalez._",
          "timestamp": 1714883868
        }
      ]
    },
    {
      "title": "",
      "media_list_data": [
        
      ],
      "string_list_data": [
        {
          "href": "https://www.instagram.com/lhy_eden",
          "value": "lhy_eden",
          "timestamp": 1714883868
        }
      ]
    },
    {
      "title": "",
      "media_list_data": [
        
      ],
      "string_list_data": [
        {
          "href": "https://www.instagram.com/silvioantonio_.18",
          "value": "silvioantonio_.18",
          "timestamp": 1714883867
        }
      ]
    },
    {
      "title": "",
      "media_list_data": [
        
      ],
      "string_list_data": [
        {
          "href": "https://www.instagram.com/_matias.diesel",
          "value": "_matias.diesel",
          "timestamp": 1714883867
        }
      ]
    },
    {
      "title": "",
      "media_list_data": [
        
      ],
      "string_list_data": [
        {
          "href": "https://www.instagram.com/mz3_ivan.style",
          "value": "mz3_ivan.style",
          "timestamp": 1714883866
        }
      ]
    },
    {
      "title": "",
      "media_list_data": [
        
      ],
      "string_list_data": [
        {
          "href": "https://www.instagram.com/elchumi1996",
          "value": "elchumi1996",
          "timestamp": 1714883865
        }
      ]
    },
    {
      "title": "",
      "media_list_data": [
        
      ],
      "string_list_data": [
        {
          "href": "https://www.instagram.com/cristo_cardenas_10",
          "value": "cristo_cardenas_10",
          "timestamp": 1714883864
        }
      ]
    },
    {
      "title": "",
      "media_list_data": [
        
      ],
      "string_list_data": [
        {
          "href": "https://www.instagram.com/locoflaco42",
          "value": "locoflaco42",
          "timestamp": 1714865976
        }
      ]
    },
    {
      "title": "",
      "media_list_data": [
        
      ],
      "string_list_data": [
        {
          "href": "https://www.instagram.com/tonyy6.5",
          "value": "tonyy6.5",
          "timestamp": 1714865812
        }
      ]
    },
    {
      "title": "",
      "media_list_data": [
        
      ],
      "string_list_data": [
        {
          "href": "https://www.instagram.com/lucasmadariaga.cl",
          "value": "lucasmadariaga.cl",
          "timestamp": 1714865811
        }
      ]
    },
    {
      "title": "",
      "media_list_data": [
        
      ],
      "string_list_data": [
        {
          "href": "https://www.instagram.com/glow_slob",
          "value": "glow_slob",
          "timestamp": 1714865810
        }
      ]
    },
    {
      "title": "",
      "media_list_data": [
        
      ],
      "string_list_data": [
        {
          "href": "https://www.instagram.com/_.niko_.v",
          "value": "_.niko_.v",
          "timestamp": 1714865807
        }
      ]
    },
    {
      "title": "",
      "media_list_data": [
        
      ],
      "string_list_data": [
        {
          "href": "https://www.instagram.com/enfaakiii_6_5",
          "value": "enfaakiii_6_5",
          "timestamp": 1714865806
        }
      ]
    },
    {
      "title": "",
      "media_list_data": [
        
      ],
      "string_list_data": [
        {
          "href": "https://www.instagram.com/kevin_2nz",
          "value": "kevin_2nz",
          "timestamp": 1714865799
        }
      ]
    },
    {
      "title": "",
      "media_list_data": [
        
      ],
      "string_list_data": [
        {
          "href": "https://www.instagram.com/gonefiii",
          "value": "gonefiii",
          "timestamp": 1714865798
        }
      ]
    },
    {
      "title": "",
      "media_list_data": [
        
      ],
      "string_list_data": [
        {
          "href": "https://www.instagram.com/naibaraz",
          "value": "naibaraz",
          "timestamp": 1714865797
        }
      ]
    }
  ]
}